Win,Loss,Conference
0,0,NL
1,0,NL
0,1,NL
2,0,NL
0,2,NL
1,1,NL
2,1,NL
1,2,NL
3,1,NL
2,2,NL
3,2,NL
1,3,NL
2,3,NL
1,4,NL
4,2,NL
3,3,NL
1,5,NL
4,1,NL
1,6,NL
4,3,NL
2,6,NL
5,3,NL
4,4,NL
3,6,NL
5,4,NL
3,4,Both
4,6,NL
2,4,AL
6,3,NL
5,5,NL
4,7,NL
5,6,NL
4,8,NL
6,4,NL
6,6,NL
3,5,AL
5,8,NL
7,3,AL
6,5,NL
5,9,NL
7,4,AL
6,7,NL
4,5,Both
8,4,AL
7,5,NL
6,8,NL
5,10,NL
8,5,NL
7,6,NL
7,7,NL
6,9,NL
5,11,NL
9,5,NL
7,8,NL
5,12,NL
10,5,NL
9,6,NL
7,9,NL
6,12,NL
7,10,NL
7,12,NL
10,6,NL
8,12,NL
7,11,NL
11,6,AL
10,7,NL
8,9,NL
11,7,AL
8,7,NL
8,10,NL
8,13,NL
12,7,AL
11,8,NL
9,7,NL
9,10,NL
8,14,NL
7,13,NL
13,7,Both
11,9,NL
9,8,NL
10,10,NL
8,11,AL
9,14,NL
13,8,NL
12,9,NL
9,9,NL
10,11,NL
9,11,NL
10,14,NL
9,13,NL
11,11,NL
10,15,NL
12,11,NL
10,16,NL
14,8,NL
12,10,NL
13,11,NL
10,13,NL
9,12,NL
10,17,NL
15,8,NL
14,11,NL
11,12,NL
10,18,NL
15,9,NL
14,12,NL
12,12,NL
11,13,NL
11,15,NL
11,18,NL
14,7,AL
15,10,NL
15,12,NL
13,12,NL
12,13,NL
10,12,NL
11,16,NL
11,19,NL
15,11,NL
16,12,NL
14,13,NL
13,13,NL
12,16,NL
17,13,NL
15,14,NL
14,14,NL
11,14,NL
13,17,NL
12,20,NL
16,14,NL
14,15,NL
16,9,NL
17,12,NL
18,13,NL
16,15,NL
14,16,NL
14,17,Both
12,21,NL
17,15,NL
15,17,Both
12,22,NL
17,9,AL
18,14,NL
18,15,NL
15,18,NL
12,15,NL
12,23,NL
18,9,AL
19,15,NL
15,19,NL
13,23,NL
18,10,AL
20,15,AL
18,16,NL
16,19,Both
20,16,NL
19,16,NL
16,17,AL
17,19,NL
12,17,AL
13,24,NL
18,11,AL
19,14,NL
21,16,NL
19,17,NL
18,19,NL
16,18,AL
12,18,AL
14,24,NL
18,12,NL
20,14,AL
21,17,NL
19,18,NL
17,18,NL
15,24,NL
19,12,AL
18,18,NL
15,25,NL
19,13,NL
22,17,NL
19,19,NL
13,18,NL
15,26,NL
23,17,NL
20,17,NL
20,18,NL
20,19,NL
19,20,NL
14,18,NL
15,27,NL
24,17,Both
20,20,NL
16,27,NL
25,17,Both
21,20,NL
14,19,NL
16,28,NL
25,18,Both
21,15,AL
22,20,NL
20,21,NL
16,29,NL
26,18,NL
22,21,NL
21,21,NL
15,20,NL
17,29,NL
27,18,NL
23,21,NL
21,22,NL
24,21,NL
16,20,NL
28,18,NL
24,22,NL
22,22,NL
17,20,AL
25,22,NL
23,22,NL
22,23,NL
20,22,AL
17,31,NL
29,18,AL
21,18,Both
26,23,NL
23,24,NL
20,23,AL
17,33,NL
29,19,AL
22,18,NL
26,24,NL
24,24,NL
20,24,NL
17,34,NL
30,20,AL
22,19,Both
27,24,NL
25,24,NL
24,25,NL
21,24,AL
19,34,NL
31,20,AL
23,19,NL
27,25,NL
26,25,NL
21,26,AL
19,35,NL
31,21,NL
23,20,AL
28,25,NL
21,27,AL
19,36,NL
31,22,NL
24,20,AL
28,24,NL
29,25,NL
24,23,NL
21,28,AL
31,23,NL
29,24,NL
25,21,NL
29,26,NL
25,23,NL
22,29,NL
19,38,NL
32,23,NL
26,21,NL
30,25,NL
30,26,NL
22,30,NL
19,39,NL
33,23,NL
27,21,AL
31,27,NL
25,25,NL
23,30,NL
19,40,NL
33,24,NL
28,21,NL
31,26,NL
32,27,NL
30,27,NL
23,32,NL
19,41,NL
34,24,NL
29,21,NL
33,27,NL
30,28,NL
27,26,NL
24,32,NL
19,42,NL
35,25,NL
30,22,NL
34,28,NL
32,28,Both
28,27,NL
30,30,NL
25,33,NL
21,42,NL
36,25,NL
30,23,NL
35,28,NL
32,29,Both
29,27,NL
31,30,NL
25,34,NL
21,43,NL
37,25,NL
30,24,NL
35,29,NL
33,29,Both
32,30,NL
29,28,NL
26,34,NL
21,44,NL
33,30,NL
27,34,NL
21,45,NL
38,25,NL
31,25,NL
35,30,NL
34,30,NL
29,29,NL
27,35,NL
22,45,NL
39,25,NL
36,30,NL
34,31,NL
29,30,NL
28,35,NL
22,46,NL
40,25,NL
37,30,NL
32,26,NL
34,32,NL
29,31,NL
28,36,NL
22,47,NL
41,25,NL
35,32,NL
29,32,NL
28,37,NL
22,48,NL
41,26,NL
38,30,NL
36,32,NL
30,32,NL
28,38,NL
22,49,NL
42,26,NL
39,30,NL
37,31,Both
37,32,NL
30,33,NL
28,39,NL
23,49,NL
43,26,NL
40,30,NL
37,33,NL
29,39,NL
23,50,NL
40,31,NL
37,34,NL
30,34,NL
30,39,NL
24,50,NL
43,27,NL
38,31,AL
31,34,NL
24,51,NL
43,28,NL
41,32,NL
38,34,NL
32,35,NL
25,51,NL
43,29,NL
39,31,NL
41,33,NL
39,34,NL
33,31,NL
33,35,NL
30,40,NL
26,51,NL
43,30,NL
42,33,NL
39,32,AL
40,34,NL
33,32,NL
33,36,NL
31,40,NL
27,51,NL
44,30,NL
42,34,NL
39,33,AL
40,35,NL
33,33,NL
34,36,NL
32,40,NL
28,51,NL
43,34,NL
33,34,NL
32,41,NL
29,51,NL
44,34,NL
40,33,AL
34,37,NL
29,52,NL
45,30,NL
44,35,NL
41,35,NL
34,38,NL
32,42,NL
30,52,NL
46,30,NL
45,35,NL
41,36,NL
34,35,NL
34,39,NL
32,43,NL
30,53,NL
47,30,NL
46,35,NL
43,33,NL
42,36,NL
34,40,NL
32,44,NL
30,54,NL
47,31,NL
47,35,NL
35,40,NL
32,45,NL
31,54,NL
48,31,NL
45,33,NL
47,36,NL
42,38,NL
36,40,NL
32,46,NL
32,54,NL
48,32,NL
48,36,NL
49,32,NL
45,34,NL
48,37,NL
43,38,NL
37,40,NL
32,47,NL
33,54,NL
44,38,NL
38,40,NL
32,48,NL
34,54,NL
44,39,NL
39,40,NL
34,41,NL
33,48,NL
34,55,NL
48,38,NL
44,40,NL
39,41,NL
35,41,NL
35,55,NL
44,41,NL
40,41,NL
36,41,NL
49,33,NL
49,38,NL
45,41,NL
40,42,NL
36,42,NL
34,48,NL
35,56,NL
50,33,NL
50,38,NL
34,49,NL
35,57,NL
50,34,NL
50,36,NL
51,38,NL
45,42,NL
41,42,NL
36,44,NL
35,49,NL
35,58,NL
51,34,NL
50,37,NL
51,39,NL
42,42,NL
35,50,NL
36,58,NL
52,34,NL
51,40,NL
36,50,NL
36,59,NL
53,34,NL
52,37,NL
52,40,NL
46,43,NL
42,44,NL
37,45,NL
36,51,NL
36,60,NL
53,35,NL
53,37,NL
53,40,NL
47,43,NL
42,45,NL
37,46,AL
36,52,NL
37,60,NL
54,37,NL
53,41,NL
48,44,NL
43,46,NL
37,47,NL
37,52,NL
54,35,NL
54,41,NL
37,53,NL
37,61,NL
55,41,NL
37,54,NL
54,38,NL
55,42,NL
49,44,AL
44,46,NL
37,48,AL
38,54,NL
54,40,NL
51,44,NL
45,47,AL
38,49,NL
55,43,NL
46,47,NL
38,50,NL
38,61,NL
55,40,AL
52,44,NL
46,48,AL
38,51,AL
55,35,NL
57,40,Both
55,44,NL
54,44,NL
46,50,NL
38,53,NL
38,55,NL
39,61,NL
55,36,NL
56,44,NL
39,55,NL
39,62,NL
56,36,NL
56,45,NL
47,50,NL
40,55,AL
39,63,NL
57,36,NL
57,42,NL
56,46,NL
47,51,NL
39,54,NL
57,37,NL
58,42,NL
57,46,NL
48,51,NL
40,56,NL
40,63,NL
58,37,NL
58,43,NL
57,45,NL
57,47,NL
49,51,NL
41,56,NL
39,56,NL
40,64,NL
58,44,NL
58,45,NL
50,51,NL
39,57,NL
59,44,NL
57,48,NL
50,52,NL
41,64,NL
59,37,NL
57,49,NL
41,57,AL
42,64,NL
59,38,NL
59,45,NL
58,46,NL
58,49,NL
51,52,NL
42,57,NL
40,57,NL
42,65,NL
60,38,AL
60,46,NL
59,47,NL
58,50,NL
51,54,NL
42,58,NL
43,65,NL
60,39,AL
61,46,NL
60,47,NL
59,50,NL
51,55,NL
42,59,AL
44,65,NL
61,40,AL
61,47,NL
52,55,NL
45,66,NL
62,47,NL
59,51,NL
52,56,NL
43,59,NL
42,60,AL
62,41,AL
63,47,NL
62,48,NL
60,51,NL
53,56,NL
43,60,NL
42,61,AL
46,67,NL
64,41,AL
65,47,NL
63,48,NL
60,52,Both
53,58,NL
43,62,AL
47,68,NL
65,41,NL
64,49,NL
61,53,NL
53,59,NL
48,68,NL
43,63,AL
67,41,NL
66,47,AL
64,50,NL
61,54,NL
54,59,NL
44,62,NL
48,69,NL
69,41,NL
67,47,NL
65,50,NL
61,55,Both
55,59,NL
44,63,NL
48,70,NL
43,67,NL
71,41,NL
68,47,NL
66,50,NL
62,55,Both
55,60,NL
44,64,AL
48,71,NL
43,69,NL
71,42,NL
69,47,NL
68,50,NL
62,56,NL
57,60,NL
44,66,AL
48,73,NL
44,69,NL
72,42,NL
69,48,NL
69,50,NL
63,57,NL
58,60,NL
44,67,NL
45,70,NL
48,74,NL
73,42,NL
69,49,NL
69,51,NL
59,60,NL
44,68,NL
49,74,NL
74,42,NL
70,49,NL
69,52,NL
63,58,NL
59,61,NL
45,68,NL
50,74,NL
45,71,NL
70,50,NL
64,58,NL
46,68,NL
45,72,NL
74,44,NL
71,51,NL
71,52,NL
65,59,NL
61,61,NL
46,70,NL
47,72,NL
50,76,NL
76,44,NL
62,61,NL
47,73,NL
46,72,NL
77,44,NL
66,59,NL
50,77,NL
46,73,NL
72,51,NL
71,53,NL
63,62,NL
78,44,NL
71,54,AL
46,74,NL
79,44,NL
72,52,NL
81,44,NL
72,54,AL
66,60,AL
65,62,NL
50,79,NL
81,45,NL
73,54,AL
66,61,NL
65,63,NL
51,79,NL
46,75,NL
82,45,NL
73,55,AL
67,61,AL
51,75,NL
51,80,NL
47,76,NL
83,45,NL
74,54,NL
74,55,NL
68,61,AL
65,64,NL
51,76,NL
51,81,NL
47,77,NL
84,45,NL
75,54,NL
75,55,NL
68,62,NL
66,64,NL
51,77,NL
51,82,NL
47,78,NL
85,45,NL
76,54,NL
76,55,NL
69,62,NL
66,65,NL
51,78,NL
51,83,NL
47,79,NL
86,45,NL
77,54,NL
76,56,NL
69,63,NL
66,66,NL
52,78,NL
48,79,NL
51,84,NL
87,45,NL
77,55,NL
76,57,AL
70,63,NL
67,67,NL
49,80,NL
77,56,NL
71,63,NL
52,79,NL
52,84,NL
87,47,NL
77,57,AL
73,63,NL
52,81,NL
52,85,NL
87,48,NL
79,56,NL
75,63,NL
68,67,NL
52,83,NL
88,48,NL
81,56,NL
68,68,NL
89,48,NL
83,56,NL
68,69,NL
51,86,NL
89,49,NL
83,57,NL
79,57,AL
69,69,NL
53,85,NL
90,49,NL
76,64,NL
53,86,NL
52,87,NL
3,0,AL
0,3,AL
0,4,AL
4,0,AL
5,0,AL
5,1,AL
2,5,AL
5,2,AL
0,5,AL
6,1,NL
6,2,AL
7,2,AL
3,7,NL
5,7,NL
8,2,NL
2,7,AL
9,2,NL
2,8,AL
10,2,NL
2,9,NL
11,2,NL
2,10,NL
12,2,NL
4,9,AL
13,2,NL
4,10,AL
3,10,AL
14,2,NL
4,11,AL
15,2,NL
6,10,NL
4,12,AL
3,11,NL
15,3,NL
8,8,NL
16,3,NL
10,8,NL
5,13,AL
17,3,NL
6,13,AL
18,3,NL
6,14,AL
19,3,NL
6,15,NL
7,15,AL
19,4,NL
13,9,AL
7,16,AL
20,4,NL
9,15,AL
8,16,NL
21,4,NL
14,9,AL
8,17,AL
6,16,NL
22,4,NL
14,10,NL
9,17,AL
23,4,NL
24,4,NL
11,17,NL
9,16,NL
25,4,NL
25,5,NL
26,5,NL
15,13,AL
12,14,AL
27,5,NL
28,5,NL
19,10,NL
15,15,NL
13,15,AL
20,10,NL
15,16,AL
12,19,AL
21,10,NL
10,19,NL
21,11,NL
29,5,NL
22,11,NL
11,20,NL
13,19,NL
30,6,NL
23,12,NL
13,20,AL
13,21,NL
15,21,NL
14,20,AL
13,22,NL
14,22,AL
15,22,NL
30,7,NL
24,12,AL
15,23,NL
14,23,AL
31,7,NL
24,13,NL
16,21,NL
16,23,NL
32,7,NL
24,14,NL
17,23,NL
16,22,NL
14,25,AL
25,14,NL
17,22,AL
33,7,NL
25,16,NL
18,23,NL
17,24,NL
16,25,NL
33,8,NL
18,24,NL
17,25,NL
33,9,NL
18,25,NL
16,26,AL
18,22,AL
19,25,NL
34,9,NL
25,19,AL
19,22,AL
19,26,NL
18,26,NL
17,27,AL
25,20,AL
20,26,NL
18,27,NL
34,10,NL
19,27,NL
35,10,NL
26,22,AL
20,27,NL
19,28,NL
27,22,AL
19,30,NL
28,22,AL
23,23,Both
21,29,AL
20,28,NL
19,31,NL
35,11,NL
29,22,NL
21,30,AL
20,29,AL
29,23,NL
20,31,AL
37,11,NL
20,30,AL
37,12,NL
30,21,NL
38,12,NL
22,31,NL
20,32,NL
39,12,NL
23,31,NL
21,31,AL
20,33,NL
31,24,NL
24,31,NL
21,32,AL
20,34,AL
40,12,NL
32,24,NL
25,26,NL
25,31,NL
20,35,NL
32,25,AL
26,26,AL
26,31,Both
21,33,AL
20,36,NL
33,26,AL
27,27,NL
27,31,Both
20,37,NL
41,12,NL
22,32,AL
28,31,AL
21,35,AL
20,38,NL
42,12,NL
34,25,NL
35,27,NL
28,33,NL
22,33,AL
22,36,NL
20,39,NL
43,12,NL
36,27,NL
28,34,NL
22,34,NL
20,40,AL
34,27,AL
24,36,AL
45,12,NL
36,29,AL
34,29,AL
29,35,NL
26,36,NL
23,35,AL
20,42,NL
45,13,NL
37,29,NL
29,36,NL
27,36,NL
24,35,AL
20,43,NL
45,14,NL
38,29,AL
20,44,NL
46,14,NL
39,29,NL
29,37,NL
24,37,AL
47,14,NL
36,31,AL
29,38,AL
25,37,AL
48,14,NL
26,37,AL
48,15,NL
27,37,AL
29,40,NL
49,15,NL
36,28,AL
27,38,AL
50,15,NL
37,28,NL
38,32,AL
30,38,AL
30,41,NL
27,39,NL
51,15,NL
40,32,NL
31,38,NL
27,40,NL
52,15,NL
39,35,NL
31,39,AL
31,41,NL
28,40,NL
22,50,NL
53,15,NL
22,51,NL
54,15,NL
41,34,AL
33,41,AL
22,52,NL
55,15,NL
33,42,AL
23,52,NL
55,16,NL
42,35,AL
56,16,NL
43,35,AL
34,42,AL
30,42,NL
23,53,NL
57,16,NL
31,42,AL
34,43,AL
33,43,NL
58,16,NL
43,36,NL
34,45,NL
33,44,NL
58,17,NL
46,36,AL
34,44,NL
34,46,NL
24,53,NL
58,18,NL
46,37,NL
44,36,NL
35,44,Both
34,47,NL
25,53,NL
47,37,AL
44,37,NL
25,54,NL
59,18,NL
35,45,Both
35,48,NL
25,55,NL
59,19,NL
36,45,AL
26,55,NL
60,19,NL
48,39,NL
26,56,NL
60,20,NL
49,39,NL
46,40,NL
41,37,NL
27,56,NL
61,20,NL
49,40,NL
42,37,NL
46,41,AL
37,44,NL
38,46,NL
27,57,NL
47,41,NL
38,45,NL
39,47,Both
28,58,NL
62,20,NL
49,41,NL
48,41,NL
43,39,NL
39,45,NL
40,48,NL
28,59,NL
63,20,NL
50,41,NL
43,40,NL
41,48,NL
39,46,NL
36,53,NL
28,60,NL
64,20,NL
50,42,NL
40,46,NL
41,49,Both
36,54,NL
28,61,NL
65,20,NL
28,62,NL
65,21,NL
50,43,NL
45,40,NL
42,49,AL
40,47,NL
66,21,NL
51,41,AL
51,43,NL
42,50,NL
37,55,NL
28,63,NL
67,21,NL
52,42,NL
52,43,NL
46,42,AL
42,48,AL
42,51,NL
37,56,NL
29,64,NL
53,43,NL
42,52,NL
67,22,NL
54,43,AL
47,42,AL
43,52,NL
37,57,NL
30,64,NL
68,23,NL
48,43,AL
43,50,AL
44,52,NL
37,58,NL
31,65,NL
69,23,NL
53,44,Both
44,50,NL
44,53,NL
38,58,NL
31,66,NL
71,23,NL
55,45,AL
53,45,NL
44,51,NL
45,53,Both
38,60,NL
32,66,NL
71,24,NL
53,47,AL
45,51,NL
34,66,NL
72,24,NL
50,44,AL
53,48,NL
45,52,AL
35,66,AL
73,24,NL
50,45,AL
53,49,AL
46,52,NL
45,55,NL
35,67,AL
51,46,NL
53,50,NL
48,52,NL
46,56,NL
40,61,NL
74,25,NL
58,47,NL
52,47,AL
53,51,NL
48,53,NL
47,57,AL
41,61,NL
36,68,NL
76,25,NL
53,52,NL
49,53,NL
41,62,NL
76,26,NL
59,49,NL
54,52,NL
49,54,NL
47,58,NL
42,62,NL
37,68,NL
77,27,NL
60,50,NL
55,53,NL
50,55,NL
48,58,AL
37,69,NL
78,27,NL
56,53,AL
42,63,NL
80,27,NL
51,56,Both
38,69,NL
81,27,NL
48,59,NL
38,70,NL
82,27,NL
56,54,NL
82,28,NL
57,54,AL
48,60,NL
38,71,AL
83,28,NL
60,53,AL
55,52,NL
57,55,NL
54,56,AL
48,61,NL
39,71,AL
85,28,NL
60,55,AL
58,56,AL
55,57,AL
50,61,AL
45,65,AL
39,73,NL
86,29,NL
61,56,AL
58,58,AL
56,58,NL
51,61,NL
47,65,NL
39,74,NL
87,29,NL
58,59,NL
57,58,NL
52,61,AL
47,66,AL
39,75,NL
87,30,NL
62,57,NL
58,55,AL
59,59,AL
52,62,AL
48,66,AL
39,76,NL
88,31,NL
59,56,NL
54,62,NL
40,76,NL
89,31,NL
64,57,NL
59,57,AL
60,60,NL
54,63,AL
40,77,NL
89,33,NL
65,57,NL
60,57,AL
60,61,AL
54,64,AL
49,70,NL
42,77,NL
61,57,AL
60,62,AL
90,33,NL
66,57,NL
61,58,AL
61,63,NL
55,64,NL
49,71,NL
43,78,NL
92,33,NL
67,58,NL
62,58,AL
61,62,NL
62,64,AL
55,65,AL
49,73,NL
44,79,NL
93,33,NL
68,58,NL
93,34,NL
63,64,NL
62,63,NL
55,66,AL
94,34,NL
64,63,NL
63,66,NL
55,67,NL
95,34,NL
69,58,AL
62,60,NL
64,64,AL
64,66,NL
55,68,AL
51,74,NL
44,80,NL
70,58,AL
63,60,AL
44,81,NL
96,34,NL
70,59,NL
55,69,NL
45,81,NL
97,34,NL
64,60,NL
64,67,NL
55,70,NL
65,60,AL
98,34,NL
71,59,NL
65,61,NL
66,67,NL
65,66,NL
55,71,NL
52,77,AL
45,82,NL
100,34,NL
66,69,NL
56,72,NL
72,59,AL
45,83,NL
72,60,AL
53,78,NL
45,84,NL
56,73,NL
56,74,NL
101,34,NL
73,61,AL
53,79,NL
46,85,NL
101,35,NL
69,68,NL
56,76,NL
74,61,AL
54,79,AL
46,86,NL
74,62,AL
55,80,NL
47,86,AL
101,36,NL
74,63,NL
70,68,NL
56,80,NL
47,87,NL
102,36,NL
72,63,NL
70,69,NL
56,81,NL
47,89,NL
103,36,NL
73,64,NL
70,70,NL
48,90,NL
56,78,NL
1,7,NL
1,8,NL
3,8,AL
3,9,AL
8,3,AL
9,4,AL
9,3,AL
8,6,AL
11,5,AL
12,5,NL
6,11,AL
10,4,AL
12,6,NL
11,4,AL
12,4,AL
5,14,AL
13,4,AL
12,8,AL
10,9,NL
5,15,AL
14,4,AL
14,5,AL
5,16,NL
15,5,AL
16,8,AL
7,17,AL
15,6,NL
16,10,NL
11,10,Both
7,18,AL
6,17,AL
15,7,AL
17,10,NL
7,19,AL
6,18,AL
16,7,AL
17,11,AL
8,19,AL
6,19,NL
19,9,NL
8,20,NL
17,8,AL
13,14,AL
8,21,AL
20,9,AL
18,8,AL
9,19,AL
8,22,AL
21,9,AL
19,8,AL
9,20,AL
8,23,AL
22,9,NL
20,8,AL
20,13,AL
9,21,NL
8,24,AL
23,9,AL
9,22,NL
9,24,AL
24,9,AL
16,16,AL
9,23,NL
9,25,NL
24,10,AL
17,16,AL
17,17,AL
9,26,NL
24,11,AL
10,26,NL
25,11,NL
23,10,NL
22,16,AL
18,17,AL
10,24,AL
10,27,NL
10,25,AL
27,11,NL
24,16,AL
11,26,NL
10,29,NL
28,11,NL
17,21,AL
10,30,NL
26,11,NL
29,11,NL
26,12,AL
26,17,AL
18,21,AL
11,27,NL
11,30,NL
30,11,NL
26,13,AL
27,17,AL
11,28,NL
12,30,NL
30,12,NL
27,13,AL
28,17,AL
12,31,NL
30,13,NL
28,13,NL
29,17,AL
29,13,NL
30,14,NL
30,17,NL
12,32,NL
30,15,NL
12,28,NL
13,33,NL
31,15,NL
31,17,NL
19,23,AL
12,29,NL
31,13,NL
32,15,NL
32,17,NL
13,34,NL
32,13,NL
33,15,NL
33,17,NL
19,24,AL
17,26,NL
13,35,NL
33,13,NL
34,17,NL
13,36,NL
33,16,NL
13,31,NL
14,36,NL
34,13,NL
18,28,AL
14,31,NL
15,36,NL
34,14,NL
14,32,NL
15,37,NL
35,17,NL
34,18,NL
15,38,NL
34,15,NL
36,17,NL
34,19,NL
15,32,NL
35,15,NL
15,33,NL
37,17,NL
35,16,NL
35,19,NL
22,26,AL
15,34,NL
38,17,NL
23,26,NL
15,35,NL
39,17,NL
36,20,AL
24,26,AL
15,40,NL
16,40,NL
40,18,NL
36,19,NL
37,21,AL
16,37,NL
18,40,NL
40,19,NL
37,19,NL
37,22,AL
26,27,AL
17,37,NL
18,41,NL
41,19,NL
37,20,AL
37,24,NL
17,38,NL
20,41,NL
17,39,NL
42,19,NL
38,24,NL
27,28,NL
21,41,AL
17,40,NL
42,20,NL
38,21,AL
43,20,NL
38,26,NL
28,28,NL
44,20,NL
46,20,NL
38,22,AL
39,26,NL
22,43,AL
19,43,NL
39,22,AL
39,27,NL
30,29,AL
22,44,AL
47,20,NL
40,22,AL
39,28,NL
32,31,AL
19,44,NL
47,21,NL
40,23,AL
31,31,NL
23,44,NL
48,21,NL
41,23,AL
40,29,NL
23,45,AL
20,45,NL
49,21,NL
42,23,AL
41,29,NL
23,46,AL
20,46,NL
42,24,AL
42,29,AL
35,31,AL
27,41,NL
24,46,NL
20,47,NL
50,21,NL
43,24,AL
42,30,AL
34,33,NL
27,42,NL
25,46,NL
20,48,NL
44,24,AL
35,33,NL
34,34,NL
26,46,NL
20,49,NL
50,22,NL
44,25,AL
43,31,NL
36,33,NL
35,34,NL
28,42,NL
26,47,NL
21,49,NL
45,25,AL
44,31,NL
36,34,NL
35,35,NL
26,48,NL
50,23,NL
46,25,AL
45,31,NL
28,43,NL
27,48,NL
51,23,NL
46,26,NL
45,32,NL
36,35,NL
29,43,NL
27,49,NL
52,23,NL
46,27,AL
53,23,NL
46,28,NL
46,33,NL
37,35,NL
30,44,NL
27,50,NL
53,24,NL
47,33,NL
37,36,NL
28,50,NL
23,55,NL
53,25,NL
48,33,AL
29,50,NL
53,26,NL
46,29,AL
38,36,AL
30,50,AL
41,38,NL
38,37,NL
31,44,AL
31,50,AL
24,55,NL
41,39,NL
24,56,NL
54,26,NL
42,39,NL
39,37,NL
31,45,AL
31,51,NL
25,56,NL
54,27,NL
51,35,NL
47,32,AL
39,39,NL
33,45,AL
32,51,AL
55,27,NL
52,35,NL
43,41,NL
32,52,NL
56,27,NL
52,36,NL
40,39,NL
43,42,NL
33,52,NL
26,57,NL
56,28,NL
53,36,NL
47,34,NL
44,42,NL
40,40,NL
33,53,NL
57,28,NL
54,36,NL
48,34,AL
44,43,NL
35,46,NL
28,57,NL
58,28,NL
48,35,AL
45,43,NL
41,41,NL
33,55,NL
59,28,NL
36,46,AL
33,56,AL
29,57,NL
54,39,AL
41,44,AL
36,48,NL
31,57,NL
60,28,NL
55,39,NL
47,44,NL
33,57,AL
60,29,NL
51,36,NL
36,49,NL
34,57,NL
31,58,NL
60,30,NL
56,39,NL
60,31,NL
57,39,NL
34,58,NL
43,45,NL
37,50,AL
34,59,NL
31,60,NL
61,31,NL
43,47,NL
35,60,NL
31,61,NL
61,32,NL
58,40,AL
51,45,AL
35,61,AL
62,32,NL
43,48,AL
35,62,AL
56,37,NL
44,48,NL
63,32,NL
59,41,AL
44,49,AL
39,51,AL
35,63,AL
64,32,NL
60,41,AL
39,52,AL
35,65,AL
64,33,NL
60,37,AL
61,41,NL
45,50,NL
39,53,AL
65,34,NL
52,45,AL
40,54,AL
35,68,AL
65,35,NL
61,39,AL
53,46,NL
49,50,NL
41,54,AL
35,70,NL
66,35,NL
54,46,AL
41,55,AL
36,70,AL
62,42,AL
55,47,AL
42,56,NL
67,36,NL
62,43,AL
31,62,NL
37,70,AL
68,37,NL
63,42,AL
63,43,AL
56,48,AL
51,53,AL
43,57,NL
33,62,NL
37,72,NL
70,37,NL
64,43,NL
52,54,NL
44,57,NL
33,64,NL
37,73,NL
65,44,NL
64,44,AL
44,58,NL
38,73,NL
72,37,NL
33,66,NL
65,45,NL
53,55,NL
45,59,AL
33,67,NL
66,46,NL
54,55,NL
46,60,NL
33,68,NL
73,37,NL
67,46,NL
65,46,NL
60,49,AL
46,61,NL
38,74,NL
75,37,NL
38,76,NL
76,37,NL
38,77,NL
77,37,NL
69,46,NL
55,55,NL
46,62,NL
33,70,NL
38,78,NL
70,46,NL
61,51,NL
46,64,NL
33,71,NL
78,37,NL
70,47,NL
61,52,AL
34,72,AL
38,79,NL
79,37,NL
71,47,NL
68,48,NL
35,73,AL
39,79,NL
80,37,NL
72,48,NL
81,37,NL
73,48,NL
70,48,NL
59,58,NL
39,81,NL
82,37,NL
49,68,AL
37,74,NL
40,81,NL
83,38,NL
74,49,NL
71,50,NL
60,59,AL
50,69,NL
38,75,NL
41,82,NL
83,39,NL
72,50,AL
51,70,NL
83,40,NL
73,50,NL
61,60,NL
52,71,NL
41,84,NL
84,40,NL
76,49,NL
39,78,NL
84,41,NL
73,51,NL
40,78,NL
85,41,NL
77,49,NL
73,52,NL
63,61,NL
52,72,AL
40,79,NL
41,85,NL
77,50,AL
74,52,NL
52,73,AL
42,85,NL
85,42,NL
79,50,AL
75,52,NL
67,57,NL
63,63,NL
52,74,AL
41,79,NL
42,87,NL
86,43,NL
79,51,NL
68,57,NL
53,75,NL
87,43,NL
79,52,NL
69,57,AL
53,76,NL
77,52,NL
41,81,NL
42,88,NL
89,43,NL
80,52,NL
78,53,NL
42,82,NL
90,44,NL
80,53,NL
79,53,NL
54,78,AL
43,83,NL
42,89,NL
81,53,NL
79,54,NL
71,60,NL
44,84,NL
42,91,NL
90,46,NL
82,53,AL
79,55,NL
71,62,AL
67,64,AL
46,84,NL
90,47,NL
82,54,NL
80,55,NL
68,64,AL
57,78,NL
47,85,AL
42,92,NL
91,47,NL
82,55,NL
91,48,NL
83,55,NL
81,55,NL
68,65,AL
57,79,NL
91,49,NL
84,55,NL
69,65,NL
58,79,NL
48,85,NL
42,93,NL
82,56,NL
74,65,NL
70,66,NL
58,80,NL
49,86,NL
43,94,NL
7,1,AL
10,3,AL
11,3,AL
2,11,NL
12,3,AL
2,12,NL
3,12,NL
13,3,AL
14,3,AL
4,13,AL
4,14,AL
15,4,NL
16,5,AL
8,15,AL
16,6,AL
5,17,AL
17,7,AL
5,18,NL
5,19,NL
5,20,NL
5,21,NL
5,22,NL
22,10,NL
16,13,AL
5,23,NL
10,20,AL
23,11,NL
5,24,NL
5,25,NL
6,26,Both
6,27,NL
6,28,AL
16,24,NL
6,29,AL
18,20,AL
27,12,AL
7,29,AL
28,14,NL
19,21,AL
7,30,AL
28,15,AL
8,30,NL
29,15,AL
27,14,AL
29,14,AL
8,31,NL
30,16,AL
9,31,NL
31,16,NL
19,29,NL
17,28,AL
9,32,NL
29,16,AL
31,18,AL
9,33,NL
18,29,AL
9,34,NL
32,16,AL
22,24,AL
10,35,NL
31,19,AL
10,36,NL
34,16,NL
32,19,AL
33,19,AL
11,37,NL
36,16,NL
21,34,AL
12,37,NL
37,16,NL
34,20,AL
13,37,NL
38,16,NL
34,21,AL
28,26,AL
22,35,NL
13,38,NL
39,16,NL
13,39,NL
40,16,NL
35,21,AL
26,28,AL
23,36,AL
13,40,NL
35,22,NL
41,16,NL
35,20,AL
13,41,NL
42,16,NL
35,23,NL
31,28,AL
24,38,AL
13,42,NL
43,16,NL
36,21,AL
28,29,NL
25,38,NL
13,43,NL
44,16,NL
28,30,NL
45,16,NL
25,39,AL
24,39,AL
14,43,NL
46,16,NL
37,23,AL
35,24,AL
26,40,AL
24,40,NL
15,44,NL
33,28,AL
48,16,NL
37,26,NL
25,41,NL
15,46,NL
48,17,NL
26,41,AL
16,46,NL
49,17,NL
26,42,AL
16,47,NL
37,27,AL
16,48,NL
51,17,NL
40,26,Both
38,27,AL
28,44,AL
27,43,NL
16,49,NL
52,18,NL
28,45,AL
17,50,NL
27,44,AL
28,46,NL
53,18,NL
27,45,NL
28,47,NL
53,19,NL
44,26,AL
27,46,NL
28,48,NL
17,51,NL
53,20,NL
45,26,AL
27,47,NL
28,49,NL
17,52,NL
54,20,NL
45,27,AL
41,30,AL
29,49,AL
17,53,NL
55,20,NL
38,35,AL
17,54,NL
47,27,AL
42,31,AL
17,55,NL
56,20,NL
30,51,NL
56,21,NL
48,27,AL
17,56,NL
56,22,NL
48,28,AL
42,32,AL
18,56,NL
57,22,NL
48,29,NL
46,32,AL
40,36,AL
19,56,NL
57,23,NL
49,29,NL
43,32,AL
29,53,NL
19,57,NL
58,23,NL
49,30,NL
19,59,NL
59,23,NL
49,31,NL
30,55,AL
20,60,NL
51,33,NL
31,56,NL
50,32,NL
45,37,AL
30,56,AL
21,60,NL
60,23,NL
21,61,NL
51,32,NL
32,57,NL
22,62,NL
61,24,NL
47,38,AL
32,58,NL
62,24,NL
52,33,Both
47,40,AL
32,59,NL
22,63,NL
53,33,NL
49,36,AL
63,24,NL
48,42,AL
32,60,NL
22,65,NL
64,25,NL
49,43,AL
35,59,NL
32,61,NL
24,65,NL
24,66,NL
65,25,NL
49,45,AL
32,62,NL
25,66,NL
66,25,NL
52,38,AL
49,46,NL
36,61,NL
32,63,NL
26,66,NL
67,25,NL
53,38,NL
49,47,AL
32,64,NL
26,67,NL
26,68,NL
68,25,NL
58,36,AL
55,38,Both
57,41,AL
50,47,NL
37,62,NL
32,65,NL
26,69,NL
69,26,NL
59,36,NL
56,38,AL
50,48,AL
37,63,NL
33,65,NL
26,70,NL
69,27,NL
59,42,NL
50,49,AL
38,63,NL
34,65,NL
27,71,NL
70,27,NL
61,37,NL
59,43,NL
50,50,NL
38,64,NL
27,72,NL
70,29,NL
61,38,NL
59,39,AL
52,50,AL
39,64,NL
37,65,NL
27,74,NL
71,29,NL
62,39,NL
59,40,AL
60,45,NL
40,65,NL
37,66,NL
27,75,NL
72,29,NL
63,39,NL
61,45,NL
55,50,AL
40,66,NL
37,67,NL
27,77,NL
72,30,NL
73,30,NL
64,39,NL
60,42,AL
62,45,NL
56,50,AL
40,67,NL
27,78,NL
65,39,NL
63,46,AL
57,50,AL
40,68,NL
28,79,NL
65,40,NL
41,68,NL
74,31,NL
61,43,AL
75,31,NL
61,44,NL
58,51,AL
42,68,NL
29,79,NL
77,31,NL
65,43,NL
64,47,NL
59,52,NL
30,80,NL
77,32,NL
66,43,NL
62,46,NL
43,70,NL
31,80,NL
78,32,NL
66,44,NL
43,71,NL
38,72,NL
32,80,NL
80,32,NL
67,44,NL
43,72,AL
32,81,NL
81,32,NL
68,44,NL
60,56,AL
43,73,AL
32,82,NL
82,32,NL
68,45,NL
67,48,AL
44,73,NL
33,82,NL
84,32,NL
68,46,NL
67,50,AL
44,74,NL
40,74,NL
33,83,NL
40,75,NL
33,84,NL
85,32,NL
71,46,AL
62,59,NL
44,75,AL
34,84,NL
72,46,AL
87,32,NL
74,46,NL
68,51,AL
62,62,NL
44,77,NL
41,78,NL
35,85,NL
88,32,NL
75,46,AL
44,78,NL
89,32,NL
76,47,NL
69,53,AL
42,78,NL
35,86,NL
70,53,AL
36,87,NL
91,33,NL
76,48,NL
36,88,NL
76,50,AL
70,54,AL
45,79,NL
36,90,NL
76,51,NL
74,50,AL
71,55,NL
65,65,NL
75,50,AL
76,52,NL
46,82,NL
38,90,NL
46,81,NL
38,91,NL
47,81,AL
38,92,NL
73,56,AL
48,82,AL
39,93,NL
78,52,NL
73,57,AL
48,84,NL
99,35,NL
73,58,AL
65,67,NL
49,85,NL
46,87,NL
41,93,NL
73,59,AL
46,88,NL
77,53,NL
50,85,AL
46,89,NL
99,37,NL
80,54,NL
75,59,AL
66,68,NL
50,87,AL
44,93,NL
100,38,NL
76,60,AL
67,69,NL
45,94,NL
100,39,NL
77,60,AL
67,70,NL
53,87,NL
48,91,NL
46,94,NL
101,39,NL
80,56,NL
79,60,NL
68,71,NL
53,89,NL
48,93,NL
47,95,NL
103,39,NL
85,56,NL
80,58,AL
79,61,NL
53,91,NL
49,93,NL
104,39,NL
85,57,NL
80,59,NL
80,61,NL
69,71,NL
53,92,NL
50,93,NL
47,96,NL
104,40,NL
86,57,NL
81,61,NL
70,71,NL
53,93,NL
52,93,NL
47,97,NL
104,41,NL
87,57,NL
82,62,NL
71,71,NL
53,94,NL
48,98,NL
104,43,NL
89,57,NL
80,63,NL
71,72,NL
54,93,NL
54,94,NL
104,45,NL
89,58,NL
82,64,NL
81,64,NL
73,72,NL
56,94,NL
55,93,NL
49,99,NL
105,45,NL
90,58,NL
84,64,NL
82,65,NL
73,73,NL
55,94,NL
56,96,NL
50,100,NL
105,47,NL
91,58,NL
84,65,NL
83,65,NL
75,73,NL
55,95,NL
92,58,NL
55,96,NL
85,65,NL
75,75,NL
92,59,NL
86,65,Both
106,47,NL
93,59,NL
86,66,NL
75,77,NL
56,97,NL
55,98,NL
52,100,NL
93,60,NL
88,65,NL
87,66,NL
75,79,NL
0,6,AL
7,14,AL
13,10,AL
17,5,AL
18,5,AL
19,5,NL
20,5,NL
21,5,NL
21,6,NL
22,6,NL
23,6,NL
24,6,NL
13,16,AL
25,6,NL
25,7,NL
25,8,NL
26,8,NL
27,8,NL
28,8,NL
14,21,AL
14,26,AL
29,9,NL
30,9,NL
15,28,NL
31,9,NL
15,29,NL
32,9,NL
33,10,NL
23,16,AL
24,18,AL
15,30,NL
26,19,AL
27,19,AL
21,23,AL
27,20,AL
15,31,NL
28,20,AL
35,12,NL
29,20,AL
36,12,NL
36,13,NL
36,14,NL
16,32,NL
37,14,NL
28,19,NL
16,33,NL
16,35,NL
37,15,NL
16,36,NL
17,35,NL
16,38,NL
17,36,NL
16,39,NL
39,18,NL
33,25,AL
25,32,NL
41,18,NL
34,26,NL
18,38,NL
17,41,NL
42,18,NL
17,42,NL
43,18,NL
35,26,NL
25,35,AL
17,44,NL
36,26,AL
25,36,AL
44,18,NL
17,45,AL
45,18,NL
17,46,NL
46,18,NL
36,24,AL
17,47,NL
47,18,NL
17,48,NL
47,19,NL
39,24,NL
25,40,NL
19,45,NL
18,48,NL
48,19,NL
38,28,AL
18,49,NL
40,27,NL
40,28,AL
25,42,NL
49,19,NL
41,27,AL
19,49,NL
50,20,NL
42,28,AL
25,44,NL
51,20,NL
44,27,AL
25,45,NL
21,48,NL
21,50,AL
52,20,NL
41,28,AL
21,51,AL
52,21,NL
53,21,NL
47,29,NL
44,29,NL
44,32,AL
53,22,NL
54,22,NL
48,30,NL
40,37,NL
55,22,NL
46,31,AL
24,54,NL
23,54,NL
46,34,NL
56,23,NL
50,31,NL
23,56,NL
56,24,NL
51,31,AL
23,57,NL
56,25,NL
52,31,AL
31,52,NL
58,25,NL
53,31,NL
49,35,AL
24,57,NL
59,25,NL
54,32,NL
50,35,AL
31,55,NL
27,58,NL
24,58,NL
60,25,NL
24,60,NL
61,25,NL
54,33,AL
29,58,AL
25,60,NL
62,25,NL
55,33,AL
49,37,NL
29,59,AL
25,61,NL
63,25,NL
56,33,AL
29,60,AL
26,61,NL
57,33,NL
51,37,AL
46,44,AL
29,61,AL
27,61,NL
58,33,AL
52,39,AL
46,45,NL
33,59,AL
29,62,AL
27,62,NL
46,46,NL
58,34,AL
29,65,NL
30,65,AL
69,25,NL
58,35,AL
53,42,AL
47,48,AL
59,35,AL
48,48,AL
28,64,NL
60,35,NL
54,42,AL
69,28,NL
61,35,AL
57,38,AL
56,42,AL
49,48,NL
36,63,NL
31,68,NL
28,65,NL
58,39,AL
37,64,NL
29,66,NL
31,69,NL
69,29,NL
62,36,NL
51,49,AL
32,70,AL
63,36,AL
58,41,AL
52,49,AL
32,71,AL
29,68,NL
70,30,NL
63,37,NL
39,65,NL
30,68,NL
71,30,NL
63,38,NL
54,49,AL
34,71,NL
30,69,NL
64,38,NL
60,44,AL
54,50,AL
35,71,NL
30,70,NL
65,38,NL
35,72,AL
31,70,NL
66,38,AL
66,39,NL
59,46,AL
67,40,NL
33,72,NL
68,40,NL
41,69,NL
35,74,AL
33,73,NL
76,31,NL
69,40,NL
61,48,AL
42,69,NL
36,75,AL
33,74,NL
76,32,NL
58,52,AL
42,70,NL
37,75,NL
34,74,NL
69,42,NL
42,71,NL
34,75,NL
77,33,NL
70,42,NL
65,48,AL
59,53,NL
34,77,NL
78,33,NL
70,43,AL
65,49,AL
62,49,AL
44,71,NL
35,77,NL
79,33,NL
72,43,NL
66,49,AL
62,50,AL
60,54,AL
35,78,NL
73,43,NL
38,80,NL
81,33,NL
74,43,NL
68,49,AL
62,52,AL
38,81,NL
36,79,NL
82,33,NL
75,43,NL
62,53,NL
37,79,AL
38,82,NL
83,33,NL
77,43,NL
37,80,NL
38,83,NL
39,83,NL
83,34,NL
79,43,NL
63,55,AL
46,76,AL
84,34,NL
80,43,NL
63,56,AL
46,77,AL
40,83,NL
37,81,AL
81,43,AL
61,59,AL
46,78,AL
41,83,NL
37,82,NL
82,44,NL
86,34,NL
84,44,NL
73,53,NL
49,78,NL
85,44,NL
37,83,AL
65,58,AL
37,84,AL
87,35,NL
86,44,NL
66,58,NL
42,84,NL
37,85,AL
88,35,NL
50,80,NL
37,86,AL
89,36,NL
63,65,NL
38,87,AL
88,45,NL
64,65,NL
50,81,NL
75,56,AL
90,37,NL
89,46,NL
39,88,NL
91,37,NL
69,59,AL
43,87,NL
39,89,NL
92,37,NL
43,88,NL
39,90,NL
75,57,AL
52,82,NL
43,89,AL
94,37,NL
43,91,AL
39,91,NL
76,58,AL
53,83,NL
77,58,AL
53,84,NL
45,91,NL
95,38,NL
78,58,AL
73,60,AL
96,39,NL
79,58,AL
46,91,NL
39,94,NL
75,62,AL
96,40,NL
92,48,NL
47,91,NL
39,95,NL
96,41,NL
92,49,NL
81,58,AL
76,63,AL
54,85,NL
47,92,NL
39,96,NL
96,42,NL
82,58,NL
55,85,NL
47,93,NL
39,98,NL
97,42,NL
92,50,NL
83,59,AL
72,69,NL
40,99,NL
98,42,NL
92,51,NL
83,60,NL
77,63,AL
73,69,NL
55,86,NL
41,99,NL
99,42,NL
92,52,NL
84,60,NL
78,63,NL
73,70,NL
55,87,NL
48,96,NL
41,100,NL
99,43,NL
93,52,NL
85,60,AL
79,63,NL
73,71,NL
56,87,NL
48,97,NL
41,101,NL
101,43,NL
79,64,NL
74,71,NL
56,89,NL
102,43,NL
94,52,NL
85,61,NL
80,64,NL
74,72,AL
56,90,NL
49,97,NL
41,102,NL
103,44,NL
87,61,NL
80,66,NL
57,91,NL
42,103,NL
88,61,NL
80,67,NL
103,45,NL
96,52,NL
76,73,NL
57,93,NL
44,103,NL
96,53,NL
50,99,NL
104,46,NL
81,68,NL
50,101,NL
46,103,NL
104,47,NL
96,54,NL
89,61,NL
82,68,NL
50,102,NL
47,103,NL
105,48,NL
96,55,NL
90,61,NL
83,69,NL
77,74,NL
58,94,NL
51,103,NL
48,104,NL
96,57,NL
92,61,NL
79,74,AL
58,96,NL
1,9,NL
1,10,NL
13,6,NL
14,6,NL
18,7,AL
16,11,AL
19,7,AL
7,20,NL
25,10,AL
20,11,NL
25,12,AL
25,13,NL
21,13,AL
12,24,AL
21,14,AL
12,25,AL
23,18,AL
12,26,NL
26,14,NL
23,15,AL
13,27,NL
26,15,AL
24,15,AL
14,27,NL
27,15,AL
25,15,AL
26,20,AL
26,16,AL
21,25,AL
27,16,AL
18,30,AL
12,33,NL
28,16,AL
18,31,AL
12,34,NL
22,27,AL
30,18,AL
28,23,NL
22,28,AL
12,35,NL
32,18,AL
23,29,NL
23,33,AL
21,36,AL
23,34,AL
18,37,NL
24,34,AL
18,39,NL
35,18,AL
31,29,AL
36,18,NL
38,20,AL
37,18,NL
39,20,AL
21,37,NL
21,39,NL
43,19,NL
44,19,NL
40,20,NL
38,19,NL
31,32,AL
22,37,AL
21,40,AL
45,19,NL
39,19,NL
40,21,AL
32,32,AL
23,37,NL
24,41,NL
41,21,NL
32,33,AL
45,20,NL
42,21,NL
41,20,NL
42,22,AL
25,43,NL
23,43,AL
43,21,NL
26,44,AL
43,22,AL
26,39,AL
24,43,AL
24,44,NL
36,36,AL
43,25,AL
29,45,AL
51,22,NL
39,36,AL
29,44,NL
29,46,AL
26,43,NL
29,47,AL
30,45,NL
52,24,NL
29,48,AL
47,28,NL
30,48,AL
55,24,NL
40,38,AL
31,48,NL
49,28,AL
33,46,AL
27,52,AL
49,27,AL
50,28,AL
27,53,AL
57,24,NL
50,27,AL
58,24,NL
51,27,NL
35,47,NL
59,24,NL
51,28,AL
50,29,AL
36,47,AL
27,54,AL
51,29,AL
32,53,NL
27,55,AL
52,28,AL
52,29,AL
41,43,AL
28,55,NL
52,30,AL
42,43,AL
32,50,AL
32,55,AL
60,26,NL
53,30,NL
38,48,NL
33,50,AL
28,56,NL
61,26,NL
42,46,NL
33,51,AL
61,27,NL
54,30,AL
34,51,AL
34,56,NL
61,28,NL
55,30,NL
52,32,AL
42,47,NL
35,51,AL
30,57,NL
55,31,NL
53,32,AL
62,28,NL
56,31,NL
35,52,NL
30,58,NL
63,28,NL
57,31,AL
55,32,AL
41,50,NL
30,59,NL
64,28,NL
58,31,NL
56,32,NL
41,51,NL
30,60,NL
65,28,NL
57,32,AL
41,52,NL
30,61,NL
66,28,NL
58,32,AL
41,53,NL
66,29,NL
59,32,NL
43,51,AL
42,54,NL
68,29,NL
60,32,NL
59,33,NL
43,53,AL
42,55,AL
36,62,NL
68,30,NL
59,34,AL
43,56,AL
34,62,AL
69,30,NL
61,33,NL
61,34,NL
45,54,AL
34,64,AL
62,34,NL
46,54,AL
63,34,NL
63,35,AL
62,35,AL
47,54,AL
38,65,NL
34,67,NL
47,55,AL
45,58,AL
41,58,AL
34,68,NL
74,30,NL
64,35,NL
48,55,NL
41,59,AL
39,67,NL
75,30,NL
49,55,NL
45,60,AL
41,60,NL
36,69,AL
76,30,NL
49,56,AL
77,30,NL
68,35,NL
66,40,NL
39,69,NL
37,71,AL
78,30,NL
69,35,NL
50,57,AL
47,61,AL
41,63,AL
39,70,NL
79,30,NL
69,36,NL
51,57,AL
47,62,AL
79,31,NL
70,36,NL
52,58,NL
48,63,NL
40,72,NL
80,31,NL
49,63,NL
41,65,AL
81,31,NL
70,38,NL
70,40,NL
41,66,NL
82,31,NL
70,39,AL
71,40,NL
52,59,AL
49,64,NL
42,66,AL
41,72,AL
83,31,NL
72,40,AL
52,60,AL
42,72,AL
85,31,NL
72,41,NL
50,65,NL
39,77,NL
86,31,NL
73,41,NL
52,63,NL
50,66,NL
43,68,AL
44,72,NL
87,31,NL
51,67,NL
45,73,NL
39,80,NL
53,64,AL
51,68,NL
90,31,NL
75,42,NL
51,69,AL
45,69,AL
45,74,NL
91,31,NL
76,42,AL
54,65,AL
45,75,NL
92,31,NL
77,42,NL
51,71,AL
45,76,NL
40,82,NL
93,31,NL
78,42,AL
51,72,AL
47,70,NL
45,77,AL
93,32,NL
78,43,NL
95,32,NL
46,79,AL
40,85,NL
96,32,NL
56,68,AL
52,75,AL
46,80,NL
40,86,NL
57,68,AL
47,80,AL
40,87,NL
97,32,NL
57,69,AL
48,81,NL
41,87,AL
98,32,NL
82,43,AL
81,46,NL
58,69,NL
54,76,NL
49,75,NL
41,88,AL
99,32,NL
81,47,NL
58,70,NL
100,32,NL
81,48,AL
59,70,NL
60,70,AL
42,90,NL
81,49,NL
60,71,NL
57,76,AL
101,32,NL
83,49,NL
61,71,NL
102,32,NL
85,47,NL
62,71,AL
54,77,AL
48,86,AL
104,32,NL
86,48,NL
83,50,AL
63,71,NL
58,78,NL
55,78,NL
48,88,AL
42,94,NL
105,32,NL
83,51,AL
59,78,AL
48,89,AL
63,72,NL
105,33,NL
83,52,NL
64,72,NL
60,79,NL
56,79,AL
106,33,NL
88,49,NL
84,52,NL
65,73,NL
61,80,NL
57,80,NL
49,91,NL
43,95,NL
106,34,NL
89,50,NL
85,53,AL
65,74,AL
62,80,NL
57,81,NL
50,91,AL
44,95,NL
107,34,NL
89,51,NL
85,54,AL
65,75,NL
63,80,NL
58,81,NL
50,92,NL
45,95,AL
66,75,NL
63,81,NL
109,34,NL
89,53,NL
87,54,AL
67,75,NL
63,82,NL
59,81,NL
45,97,NL
110,34,NL
90,53,NL
87,55,AL
68,75,NL
63,83,NL
59,82,AL
50,94,NL
46,97,AL
111,34,NL
91,53,NL
89,55,NL
68,77,NL
63,84,NL
59,83,AL
51,94,NL
46,98,AL
111,35,NL
89,56,AL
69,77,NL
60,83,NL
112,35,NL
92,53,NL
90,57,AL
69,78,NL
64,84,AL
61,84,AL
51,95,NL
46,99,AL
113,36,NL
93,54,NL
70,79,NL
64,85,NL
62,85,AL
52,96,AL
47,99,NL
115,36,NL
95,54,NL
70,81,NL
64,86,NL
62,86,NL
52,98,NL
48,99,NL
63,86,NL
95,55,NL
71,81,NL
48,100,NL
116,36,NL
92,60,AL
71,82,NL
66,86,NL
48,102,AL
96,56,NL
49,102,NL
64,87,AL
1,11,NL
3,13,NL
3,14,NL
1,12,NL
1,13,AL
3,15,NL
1,14,AL
3,16,NL
1,15,AL
4,16,AL
1,16,AL
4,17,AL
17,4,NL
4,18,AL
2,17,AL
18,4,NL
2,18,NL
20,3,NL
3,18,NL
21,3,NL
3,19,NL
23,3,NL
6,21,AL
3,20,NL
24,3,NL
6,22,AL
4,21,NL
23,5,NL
7,22,NL
4,22,NL
24,5,NL
9,18,AL
7,23,NL
6,23,AL
26,6,NL
26,7,NL
10,21,AL
7,25,NL
11,21,AL
20,12,AL
8,26,NL
29,8,NL
28,9,NL
28,10,NL
12,27,NL
11,29,AL
28,12,AL
35,9,NL
31,14,AL
36,10,NL
37,10,NL
14,37,AL
38,10,NL
14,38,AL
38,11,NL
16,34,NL
14,39,AL
39,11,NL
30,19,AL
14,40,NL
40,11,NL
18,34,AL
14,41,NL
18,35,NL
15,41,AL
33,18,AL
32,20,AL
15,42,AL
15,43,NL
32,22,AL
44,12,NL
15,45,NL
47,12,NL
15,48,NL
47,13,NL
15,49,NL
26,32,AL
23,38,NL
47,15,NL
15,50,NL
47,16,NL
16,51,NL
49,16,NL
26,38,AL
16,52,NL
50,16,NL
16,53,NL
52,16,NL
16,55,NL
16,56,NL
53,17,NL
29,41,AL
16,57,NL
54,17,NL
29,42,AL
17,57,NL
55,17,NL
42,27,AL
17,59,NL
55,18,NL
30,43,AL
17,60,NL
55,19,NL
56,19,NL
32,39,AL
30,46,Both
18,61,NL
57,20,NL
33,40,AL
31,46,NL
19,62,NL
58,20,NL
31,47,Both
19,63,NL
59,20,NL
19,65,NL
19,66,NL
19,67,NL
61,21,NL
32,49,NL
62,21,NL
33,49,AL
19,69,AL
62,22,NL
63,22,NL
63,23,NL
20,69,AL
64,23,NL
20,70,NL
64,24,NL
21,71,AL
65,24,NL
21,72,AL
66,24,NL
46,38,AL
37,49,AL
21,73,NL
67,24,NL
54,34,AL
37,51,AL
21,75,NL
68,24,NL
55,34,AL
47,39,AL
22,75,AL
69,24,NL
56,34,AL
38,52,AL
22,76,AL
70,24,NL
56,35,AL
42,53,AL
40,53,AL
22,77,AL
23,77,NL
71,25,NL
50,40,AL
23,78,NL
72,25,NL
43,54,AL
38,57,AL
72,26,NL
44,54,NL
73,26,NL
44,55,NL
24,78,NL
73,27,NL
58,38,AL
52,41,AL
38,59,AL
25,78,NL
73,28,NL
44,56,AL
26,78,NL
75,28,NL
45,57,NL
38,62,NL
28,78,NL
76,28,NL
60,40,AL
29,78,NL
76,29,NL
48,56,AL
46,58,AL
30,78,NL
77,29,NL
54,45,AL
48,57,NL
46,59,NL
31,78,NL
78,29,NL
38,66,NL
32,78,NL
79,29,NL
61,42,AL
50,58,AL
38,67,AL
56,47,AL
50,59,AL
33,80,NL
80,30,NL
51,59,AL
34,80,NL
62,44,AL
41,67,NL
63,44,AL
58,48,AL
47,64,AL
34,81,NL
48,64,NL
34,82,NL
64,46,AL
54,60,AL
35,83,NL
84,31,NL
61,49,AL
48,67,AL
41,71,AL
54,61,NL
49,67,AL
35,84,NL
63,50,AL
50,68,AL
42,73,NL
65,51,AL
43,75,NL
50,70,AL
36,86,NL
89,35,NL
71,49,AL
65,52,AL
50,71,AL
38,86,NL
90,35,NL
56,66,AL
91,35,NL
57,67,AL
51,73,AL
38,88,NL
91,36,NL
66,52,AL
66,54,NL
40,88,AL
75,51,NL
67,55,AL
59,68,AL
40,89,NL
93,38,NL
54,75,AL
40,91,NL
75,53,Both
68,55,AL
59,69,NL
68,56,AL
60,69,AL
76,53,AL
55,75,AL
94,38,NL
55,76,NL
55,77,NL
49,79,AL
40,92,NL
96,38,NL
71,58,NL
49,81,AL
40,93,NL
97,38,NL
55,79,NL
40,94,NL
62,73,AL
41,95,NL
81,54,NL
77,59,Both
63,73,AL
41,96,NL
98,38,NL
78,59,Both
98,39,NL
63,74,NL
83,54,AL
79,59,AL
74,59,AL
63,75,NL
41,97,NL
99,39,NL
84,54,AL
74,60,AL
63,76,NL
56,82,AL
42,97,NL
100,40,NL
58,82,AL
43,97,NL
101,40,NL
80,62,AL
63,77,NL
44,97,NL
85,55,AL
81,62,NL
64,77,NL
60,82,NL
44,98,NL
102,41,NL
86,55,AL
81,63,AL
64,78,NL
54,86,NL
45,98,NL
54,87,NL
88,56,AL
55,88,NL
102,42,NL
65,78,NL
103,42,NL
88,57,AL
82,66,NL
77,64,NL
65,79,NL
62,84,AL
55,89,NL
104,42,NL
88,58,AL
82,67,NL
78,64,NL
65,80,NL
55,90,NL
105,42,NL
88,59,NL
88,60,NL
106,42,NL
82,69,NL
65,81,AL
49,100,Both
106,44,NL
90,62,NL
83,64,AL
82,71,NL
65,83,NL
65,86,NL
58,90,NL
51,100,NL
107,45,NL
91,63,NL
66,87,NL
52,101,NL
13,5,NL
19,11,AL
17,14,AL
22,12,AL
23,13,AL
23,14,AL
24,19,AL
20,25,AL
16,30,AL
22,25,AL
16,31,AL
18,32,AL
24,29,AL
19,32,AL
24,30,AL
33,22,AL
23,27,AL
24,27,AL
33,20,AL
25,27,AL
26,35,AL
21,38,AL
40,24,AL
22,38,AL
22,39,AL
38,23,AL
27,30,AL
23,39,AL
42,25,AL
27,32,AL
30,35,AL
30,36,NL
44,28,AL
31,36,AL
45,29,AL
32,37,AL
33,37,AL
35,42,AL
35,37,AL
35,43,AL
36,37,AL
37,37,AL
30,47,AL
45,39,AL
39,38,AL
30,49,AL
38,47,AL
40,49,AL
48,45,AL
40,51,NL
31,59,NL
48,46,AL
40,52,NL
55,37,AL
48,40,AL
48,47,AL
48,50,AL
31,63,NL
56,40,AL
56,41,AL
51,42,AL
51,51,NL
46,57,AL
52,53,NL
53,53,AL
64,40,AL
47,59,AL
55,54,AL
47,60,AL
64,42,AL
65,42,AL
66,42,NL
55,56,AL
48,62,AL
56,56,NL
40,70,AL
67,42,AL
56,57,NL
41,70,NL
40,69,NL
68,42,AL
66,45,AL
49,65,NL
40,71,NL
69,43,AL
56,59,AL
69,44,AL
57,59,NL
69,45,AL
50,67,NL
42,74,NL
71,45,AL
72,47,AL
71,48,AL
58,62,NL
43,74,AL
73,47,AL
63,52,AL
58,63,NL
73,45,AL
74,47,NL
74,48,AL
58,64,AL
43,76,AL
43,77,NL
74,45,AL
75,47,AL
65,53,AL
75,45,AL
75,48,AL
75,49,AL
65,54,AL
59,64,AL
60,65,AL
76,46,AL
78,49,AL
77,51,AL
66,55,AL
61,66,AL
54,72,NL
77,46,AL
79,49,AL
78,51,NL
61,67,AL
54,73,AL
44,82,AL
78,46,NL
80,49,AL
67,56,AL
61,68,AL
55,73,NL
44,83,AL
79,46,NL
80,50,AL
80,51,AL
62,68,NL
55,74,NL
80,46,NL
81,50,AL
81,51,AL
69,56,AL
62,69,NL
44,85,NL
82,50,AL
82,51,AL
71,56,AL
62,70,AL
44,86,NL
63,70,AL
44,87,NL
82,46,NL
71,57,AL
56,77,AL
83,46,NL
64,70,AL
57,77,AL
44,88,Both
84,46,NL
64,71,AL
45,87,NL
44,89,AL
85,46,NL
85,52,AL
44,90,NL
87,46,AL
65,72,AL
47,88,NL
86,53,AL
86,54,AL
66,72,AL
47,90,NL
88,53,NL
67,72,NL
57,82,AL
87,50,NL
88,54,AL
67,73,AL
89,54,AL
74,64,NL
68,73,AL
48,92,NL
88,50,NL
90,54,AL
75,64,AL
68,74,NL
91,54,NL
88,52,NL
91,55,NL
70,74,AL
61,83,AL
48,94,NL
90,52,NL
92,55,AL
77,65,NL
70,76,AL
71,77,NL
49,98,NL
91,52,NL
77,66,AL
94,54,NL
94,55,NL
78,67,AL
71,78,AL
93,53,NL
78,68,NL
72,78,NL
63,85,NL
49,101,NL
79,69,NL
72,79,NL
50,98,NL
97,55,NL
79,70,NL
72,80,NL
63,87,AL
51,98,NL
49,103,AL
98,55,NL
80,70,NL
72,81,NL
63,88,NL
49,104,AL
98,56,NL
73,81,NL
49,105,AL
81,71,NL
63,89,NL
53,99,NL
63,90,NL
53,100,NL
83,71,NL
63,91,NL
53,101,NL
99,55,NL
22,13,AL
11,23,AL
29,12,AL
31,12,NL
32,12,NL
33,12,NL
21,19,AL
13,29,NL
34,12,NL
13,30,AL
27,23,AL
17,30,AL
13,32,AL
37,13,NL
38,13,NL
17,32,AL
39,13,NL
40,13,NL
19,33,AL
41,13,NL
24,28,AL
25,28,AL
42,13,NL
25,30,AL
43,14,NL
44,14,NL
26,30,AL
45,15,NL
16,42,AL
39,23,AL
34,23,AL
28,32,AL
17,43,AL
46,17,NL
36,23,AL
29,33,AL
18,44,NL
48,18,NL
22,42,AL
49,18,NL
41,24,AL
23,42,AL
19,46,AL
50,18,NL
19,48,AL
50,19,NL
30,37,AL
52,19,NL
31,37,AL
28,41,AL
47,26,AL
26,49,AL
48,26,NL
22,53,NL
49,26,AL
45,28,AL
22,54,NL
57,21,NL
31,43,AL
58,21,NL
41,40,AL
58,22,NL
42,40,AL
42,41,AL
53,28,AL
61,23,NL
54,28,NL
33,47,AL
24,59,NL
43,43,AL
31,53,NL
44,44,AL
55,29,AL
44,45,AL
25,62,NL
56,29,AL
56,30,AL
25,63,AL
57,30,AL
45,45,AL
32,56,AL
25,64,NL
59,30,NL
40,50,NL
26,64,AL
33,58,AL
26,65,NL
66,26,NL
61,30,NL
66,27,NL
63,30,NL
47,47,AL
67,27,NL
64,30,NL
65,30,NL
26,71,AL
66,30,NL
48,49,AL
66,31,NL
26,72,AL
71,27,NL
67,31,NL
26,73,NL
72,27,NL
26,74,NL
67,33,NL
26,76,NL
74,28,NL
67,34,NL
46,55,AL
74,29,NL
67,35,NL
36,64,NL
26,77,NL
26,79,NL
75,29,NL
43,58,AL
70,35,NL
43,61,AL
71,35,NL
54,53,AL
44,61,NL
28,80,NL
73,35,NL
54,54,AL
49,59,AL
39,68,AL
28,82,NL
74,35,NL
49,60,AL
45,64,AL
28,83,NL
75,35,NL
49,61,NL
29,83,NL
75,36,NL
68,41,NL
30,83,NL
45,67,AL
31,83,NL
83,32,NL
68,43,AL
32,83,NL
57,57,AL
41,74,AL
32,84,NL
86,32,NL
78,38,NL
58,57,AL
55,61,AL
41,75,AL
32,85,NL
79,38,NL
56,61,NL
41,76,NL
32,86,NL
80,38,NL
56,63,AL
41,77,NL
88,33,NL
80,39,NL
57,64,AL
33,87,AL
81,39,NL
63,59,AL
58,65,NL
82,39,NL
58,66,NL
33,88,AL
82,40,NL
47,75,AL
59,67,AL
34,89,NL
60,67,NL
34,90,NL
62,67,AL
34,92,NL
92,36,NL
86,41,NL
63,67,AL
34,93,AL
93,36,NL
88,41,NL
94,36,NL
89,41,NL
63,69,NL
46,83,NL
36,93,NL
95,36,NL
90,41,NL
47,82,AL
96,36,NL
90,42,NL
64,69,NL
47,83,NL
37,93,NL
91,42,NL
47,84,AL
38,93,NL
97,36,NL
65,70,AL
98,36,NL
91,43,NL
99,36,NL
91,44,NL
100,36,NL
91,45,NL
66,70,NL
92,45,NL
68,70,AL
104,36,NL
39,99,NL
93,46,NL
83,53,AL
105,36,NL
94,46,NL
84,53,AL
69,72,AL
49,89,NL
39,100,NL
106,36,NL
95,46,NL
69,73,AL
49,90,NL
39,101,NL
96,46,NL
72,72,AL
39,102,AL
107,37,NL
97,46,NL
86,56,AL
69,74,AL
107,38,NL
97,47,NL
87,56,AL
74,73,NL
51,93,NL
40,103,NL
107,39,NL
99,47,NL
51,92,AL
40,104,NL
108,40,NL
41,104,NL
108,41,NL
100,47,NL
89,59,NL
76,74,AL
72,76,NL
52,94,AL
52,95,AL
42,105,NL
109,41,NL
100,48,NL
77,75,NL
53,95,NL
109,42,NL
101,48,NL
91,59,AL
53,96,NL
43,106,NL
111,42,NL
102,49,NL
77,77,NL
54,96,NL
53,97,AL
44,106,NL
104,49,NL
74,78,AL
54,98,NL
44,108,NL
74,79,NL
45,108,NL
22,14,AL
18,33,AL
23,28,AL
18,36,NL
25,29,AL
32,21,AL
33,21,AL
27,33,AL
34,22,AL
26,29,AL
36,22,AL
29,34,AL
22,41,AL
39,21,AL
41,22,AL
24,45,AL
32,36,AL
32,38,AL
35,38,AL
36,38,AL
36,39,AL
38,41,AL
34,50,AL
54,29,AL
39,42,AL
40,43,AL
40,44,AL
39,48,AL
39,49,AL
45,44,AL
43,44,AL
39,50,AL
35,53,AL
35,54,AL
33,60,AL
33,61,NL
45,46,AL
62,30,NL
62,31,AL
53,39,AL
47,49,NL
39,58,AL
63,33,NL
49,49,AL
39,59,AL
36,65,NL
36,66,NL
39,60,AL
40,60,AL
36,67,NL
66,33,NL
52,52,AL
62,40,AL
63,40,AL
42,67,NL
72,35,NL
66,41,AL
54,57,AL
41,73,AL
63,45,AL
56,55,AL
76,35,NL
67,43,AL
44,70,NL
77,35,NL
57,56,AL
77,36,NL
78,36,NL
64,48,AL
46,71,AL
66,48,AL
47,71,NL
43,80,NL
81,38,NL
73,49,AL
68,52,AL
64,62,AL
82,38,NL
70,52,AL
64,61,NL
48,75,AL
84,38,AL
49,76,AL
84,39,NL
72,53,AL
66,63,AL
50,75,NL
45,86,AL
85,39,AL
67,63,AL
86,40,AL
87,40,AL
78,55,NL
67,68,AL
45,88,NL
88,40,AL
78,56,AL
68,66,AL
52,80,AL
78,57,AL
53,81,NL
69,67,AL
91,41,NL
80,57,NL
70,67,AL
69,70,AL
71,67,NL
54,83,AL
92,43,NL
81,57,NL
71,68,NL
70,72,AL
55,83,NL
92,44,NL
72,68,NL
55,84,NL
56,85,NL
92,46,NL
82,60,AL
58,85,AL
82,61,AL
59,85,NL
93,47,NL
84,59,AL
73,74,AL
60,85,NL
94,47,NL
85,59,AL
83,62,AL
73,75,NL
60,86,AL
50,95,NL
86,59,AL
50,96,NL
95,47,NL
87,59,AL
84,62,AL
73,76,AL
59,84,NL
50,97,NL
96,47,NL
85,62,AL
73,77,NL
96,48,NL
86,62,AL
74,77,AL
62,87,AL
59,86,NL
97,48,NL
86,63,AL
98,48,NL
90,59,AL
86,64,AL
75,74,AL
62,88,NL
51,99,AL
99,48,NL
64,88,NL
61,86,NL
86,67,NL
61,87,AL
101,49,NL
78,75,NL
103,49,NL
64,90,NL
62,89,NL
103,50,NL
104,50,NL
8,1,Both
17,6,NL
18,6,AL
19,6,NL
8,18,AL
20,6,AL
6,20,AL
21,7,AL
22,7,AL
22,8,NL
8,25,NL
8,27,AL
21,12,AL
8,28,AL
9,28,NL
9,29,NL
10,31,NL
11,31,AL
11,32,AL
11,33,NL
11,34,NL
12,36,NL
12,38,AL
12,39,NL
12,40,NL
12,41,NL
13,44,NL
14,44,NL
26,33,AL
14,45,NL
14,46,NL
14,47,NL
14,48,NL
22,40,AL
14,49,NL
14,50,NL
23,41,AL
15,51,NL
24,42,AL
15,52,NL
16,54,NL
41,31,AL
18,57,NL
18,58,NL
44,33,AL
19,58,AL
20,58,NL
20,61,AL
43,37,AL
20,62,AL
20,64,NL
20,65,NL
20,66,NL
20,68,NL
54,31,AL
20,72,NL
20,73,NL
20,74,NL
21,74,NL
57,34,AL
57,35,AL
37,59,AL
22,78,NL
56,43,AL
22,79,AL
57,43,AL
57,44,AL
23,79,NL
24,80,AL
62,37,AL
25,80,NL
25,81,NL
26,81,NL
27,81,NL
60,48,AL
27,82,NL
27,83,NL
27,84,NL
67,45,AL
50,60,AL
27,85,AL
51,60,AL
28,85,NL
62,51,AL
70,44,AL
63,51,NL
29,86,NL
71,44,AL
53,61,AL
29,87,NL
72,44,NL
64,52,AL
30,88,NL
64,54,AL
31,89,NL
75,44,NL
64,55,AL
32,90,NL
55,63,NL
76,45,NL
56,64,AL
33,91,AL
64,59,AL
49,72,NL
57,65,NL
50,73,NL
33,93,AL
58,68,AL
66,62,AL
77,48,AL
33,95,NL
59,71,AL
33,96,NL
67,62,AL
59,72,AL
33,97,NL
59,74,AL
59,75,AL
52,76,AL
60,76,NL
34,97,AL
61,76,NL
34,98,AL
80,60,AL
61,77,AL
34,99,AL
86,46,AL
81,60,AL
71,65,AL
54,80,AL
34,100,NL
72,66,NL
55,81,NL
34,101,NL
88,47,AL
72,67,AL
55,82,NL
35,101,NL
89,47,AL
73,67,NL
36,101,NL
73,68,AL
66,79,NL
90,48,NL
84,57,AL
82,63,AL
66,80,AL
36,102,NL
85,58,AL
37,103,NL
86,58,Both
67,80,NL
37,104,NL
90,50,NL
87,58,NL
91,50,NL
84,66,AL
78,66,NL
68,81,NL
38,105,NL
87,60,AL
93,50,NL
84,67,NL
79,66,NL
38,106,NL
94,50,NL
79,67,NL
95,50,NL
89,60,NL
40,106,NL
96,50,NL
90,60,NL
60,84,AL
98,50,NL
79,71,AL
61,85,AL
41,107,NL
98,51,NL
85,67,AL
42,107,NL
91,61,NL
85,68,AL
68,82,NL
99,51,NL
85,69,NL
79,73,NL
69,83,AL
44,107,NL
99,52,NL
99,54,NL
92,62,NL
70,83,NL
16,4,AL
28,6,NL
10,22,AL
28,7,NL
13,26,AL
29,7,NL
13,28,NL
13,25,AL
34,7,NL
34,8,NL
35,8,NL
14,28,AL
36,8,NL
14,29,AL
37,8,NL
14,30,AL
37,9,NL
41,11,NL
43,11,NL
44,11,NL
45,11,NL
46,11,NL
47,11,NL
49,11,NL
50,11,NL
24,33,AL
51,11,NL
52,11,NL
54,11,NL
54,13,NL
55,13,NL
56,13,NL
21,52,NL
56,14,NL
57,14,NL
57,15,NL
22,55,NL
22,56,AL
31,49,AL
22,57,AL
33,38,AL
22,58,AL
58,19,NL
22,59,AL
37,39,AL
23,60,AL
60,21,NL
38,39,AL
23,61,NL
23,62,NL
63,21,NL
23,63,AL
64,21,NL
49,34,AL
23,64,AL
65,22,NL
65,23,NL
44,47,AL
45,48,AL
25,65,NL
45,49,AL
25,67,AL
25,68,AL
35,64,NL
27,69,NL
71,26,NL
27,70,NL
64,36,AL
28,71,NL
72,28,NL
65,36,AL
28,72,AL
66,36,NL
28,73,NL
73,29,NL
28,74,NL
68,36,NL
49,57,AL
38,68,NL
28,75,NL
50,54,AL
28,76,NL
69,37,AL
51,58,AL
28,77,NL
71,38,AL
50,62,AL
73,38,NL
53,57,AL
53,60,AL
50,63,AL
31,79,NL
74,38,NL
32,79,AL
75,38,NL
53,62,AL
50,64,AL
80,33,NL
75,39,NL
53,63,AL
51,64,NL
75,40,AL
55,58,AL
52,64,AL
81,34,NL
75,41,NL
52,65,AL
35,81,AL
81,35,AL
76,41,AL
52,66,AL
35,82,AL
77,41,AL
52,67,AL
82,35,NL
78,41,NL
57,63,NL
52,68,AL
82,36,AL
79,41,NL
52,69,AL
44,76,AL
36,83,AL
79,42,AL
53,69,AL
59,65,AL
54,69,AL
84,36,NL
61,65,AL
54,71,AL
84,37,AL
80,44,AL
62,65,AL
45,78,AL
85,38,NL
80,45,AL
62,66,AL
55,72,AL
87,38,NL
74,53,AL
89,38,NL
48,78,AL
38,89,AL
89,39,NL
91,39,NL
92,39,NL
82,48,AL
49,82,AL
63,68,NL
93,40,AL
50,83,AL
41,91,NL
94,40,NL
50,84,NL
41,92,AL
95,40,NL
95,41,NL
84,51,AL
50,86,NL
43,93,NL
95,42,AL
85,51,AL
64,73,AL
44,94,NL
95,43,NL
86,52,AL
71,69,AL
96,44,NL
87,52,AL
72,70,AL
52,88,NL
45,96,NL
97,44,AL
72,71,AL
67,74,NL
53,88,NL
46,96,AL
54,88,NL
99,44,NL
72,74,AL
59,87,NL
54,90,NL
47,98,NL
100,44,NL
69,75,AL
59,88,NL
100,45,AL
74,74,AL
60,88,AL
56,91,NL
74,75,AL
61,88,NL
101,45,AL
91,57,AL
74,76,AL
70,77,AL
101,46,AL
92,57,AL
101,47,NL
72,77,AL
102,47,AL
57,94,NL
102,48,AL
73,78,AL
51,101,NL
103,48,NL
73,79,NL
58,95,NL
93,58,AL
75,78,Both
4,15,AL
20,7,AL
11,25,AL
32,14,AL
19,37,AL
43,23,AL
45,23,AL
38,33,AL
46,23,AL
47,23,AL
48,23,AL
49,23,AL
49,24,AL
35,36,AL
37,38,AL
50,24,AL
38,38,AL
51,24,AL
54,24,AL
55,25,AL
56,26,AL
37,41,AL
57,26,AL
37,42,AL
34,52,AL
58,26,NL
38,42,AL
34,53,AL
38,43,AL
39,43,AL
62,27,AL
36,55,AL
63,27,AL
36,56,AL
65,27,AL
65,29,AL
47,46,AL
50,46,AL
67,29,AL
51,47,AL
51,48,AL
40,62,AL
52,48,AL
68,31,AL
69,31,AL
60,36,AL
54,48,AL
69,32,AL
61,36,NL
70,32,NL
55,49,AL
43,55,AL
71,32,AL
43,66,AL
72,32,NL
55,51,AL
74,32,NL
57,51,AL
56,51,AL
44,60,AL
75,32,NL
64,37,NL
75,33,NL
45,61,AL
57,53,AL
49,58,AL
77,34,AL
58,53,AL
46,63,AL
78,35,AL
79,35,AL
62,54,AL
48,72,NL
80,35,AL
51,62,AL
63,54,NL
51,63,AL
65,55,AL
70,45,AL
66,56,AL
64,56,AL
45,80,AL
72,45,AL
53,77,NL
70,56,AL
53,68,AL
54,68,AL
53,70,NL
67,59,NL
86,42,NL
72,57,AL
56,69,AL
74,57,AL
46,90,AL
56,71,AL
71,61,AL
46,92,AL
88,43,NL
57,73,AL
76,59,AL
58,73,AL
72,64,NL
58,74,AL
57,74,AL
47,94,AL
90,45,AL
58,75,AL
78,60,AL
73,65,AL
59,76,AL
58,76,AL
59,77,AL
49,95,AL
75,66,AL
60,78,AL
62,77,NL
75,68,AL
62,78,AL
83,63,AL
76,68,AL
63,78,NL
62,79,AL
84,63,AL
76,69,AL
77,69,NL
64,81,AL
62,81,AL
85,64,AL
78,69,NL
97,49,NL
66,82,NL
97,50,NL
67,82,AL
65,82,NL
69,82,AL
65,84,AL
101,51,NL
88,63,AL
87,65,AL
78,70,AL
78,71,NL
64,89,AL
21,8,NL
22,15,AL
23,25,AL
30,31,AL
31,33,AL
31,35,AL
35,39,AL
36,43,AL
39,44,AL
37,43,NL
40,45,AL
41,45,AL
46,49,AL
43,49,AL
47,45,AL
46,51,AL
47,52,AL
47,53,AL
52,46,AL
56,52,AL
47,56,AL
57,52,AL
54,51,AL
48,54,AL
59,48,AL
59,54,AL
66,51,AL
56,65,AL
67,52,AL
56,67,AL
68,53,AL
68,59,NL
57,66,NL
68,54,AL
56,70,AL
69,60,AL
69,61,AL
59,66,NL
57,70,AL
57,71,AL
58,71,AL
72,58,AL
58,72,AL
56,75,AL
71,64,AL
59,73,AL
72,65,AL
65,71,AL
62,72,AL
60,74,AL
71,66,AL
67,71,NL
62,74,AL
73,66,AL
64,74,AL
76,61,AL
74,66,AL
62,75,AL
56,83,NL
74,67,AL
57,84,NL
76,66,AL
57,85,NL
84,56,AL
76,67,AL
75,69,Both
57,87,NL
78,65,NL
77,68,NL
75,71,AL
70,75,AL
57,89,NL
80,65,AL
75,72,AL
72,75,AL
71,75,AL
58,89,AL
64,82,AL
64,83,AL
90,56,AL
80,68,AL
66,83,NL
58,91,NL
76,75,AL
67,83,AL
58,92,NL
77,76,AL
68,84,AL
59,93,NL
81,72,AL
78,76,AL
69,85,NL
60,94,NL
94,59,NL
84,70,NL
74,80,NL
6,0,AL
7,0,NL
8,0,NL
9,1,AL
10,1,AL
11,1,AL
27,29,AL
45,36,AL
46,53,AL
51,50,AL
55,48,AL
56,49,AL
52,51,AL
53,54,AL
50,53,AL
58,54,AL
56,60,AL
57,61,AL
57,62,NL
65,56,AL
54,67,AL
60,63,AL
69,55,AL
70,61,AL
72,56,AL
68,60,AL
65,69,AL
61,69,AL
74,56,AL
72,62,AL
70,62,AL
66,71,NL
73,62,NL
60,72,AL
60,73,AL
61,73,AL
68,72,AL
61,75,AL
68,76,AL
62,76,AL
66,73,AL
75,65,AL
69,76,AL
81,59,AL
76,65,NL
65,77,AL
66,77,AL
65,76,AL
77,67,AL
71,79,NL
69,79,AL
67,77,AL
66,78,AL
67,78,AL
68,78,AL
86,60,AL
70,78,AL
69,80,AL
69,81,AL
67,79,AL
70,80,AL
68,79,AL
79,68,AL
71,80,NL
73,80,NL
71,83,NL
88,62,AL
83,68,AL
80,72,AL
68,83,Both
2,13,AL
33,39,AL
32,34,AL
41,47,AL
50,39,AL
39,66,NL
67,39,NL
64,45,AL
53,65,AL
53,66,AL
54,58,AL
53,67,NL
67,49,AL
72,49,AL
58,67,AL
58,61,AL
59,62,AL
74,51,AL
57,75,AL
61,72,AL
58,77,AL
53,82,NL
61,74,AL
78,54,AL
59,79,AL
60,80,AL
64,75,AL
60,81,AL
63,79,AL
54,89,AL
64,79,AL
82,57,AL
76,62,AL
78,62,AL
60,87,NL
60,89,NL
57,92,AL
83,58,AL
65,85,AL
60,90,NL
84,58,AL
60,91,NL
85,63,AL
65,88,NL
60,92,NL
67,86,NL
65,89,NL
60,93,NL
94,60,NL
91,62,AL
89,63,AL
11,22,AL
11,24,AL
21,46,AL
21,47,NL
44,23,AL
23,47,AL
24,47,AL
24,49,AL
50,26,AL
26,54,AL
51,26,AL
52,26,NL
52,27,AL
53,27,NL
38,44,NL
54,47,AL
58,30,AL
31,64,NL
31,67,AL
49,42,AL
63,31,AL
64,31,AL
32,67,AL
65,31,AL
65,32,NL
49,52,AL
33,69,AL
59,55,AL
45,56,AL
55,46,AL
35,75,AL
35,76,AL
36,76,AL
71,39,AL
36,77,AL
36,78,AL
37,78,AL
74,40,AL
74,41,AL
49,62,AL
67,51,AL
39,82,AL
39,84,AL
68,63,AL
40,84,NL
59,63,AL
43,84,NL
60,64,AL
65,68,AL
60,66,NL
43,85,NL
43,86,NL
84,48,NL
74,58,AL
75,58,AL
45,89,AL
87,49,NL
71,70,AL
60,75,AL
46,93,AL
46,95,AL
72,73,AL
93,51,AL
94,51,AL
64,76,AL
83,61,AL
94,53,NL
84,61,AL
95,53,AL
76,76,AL
50,103,NL
82,70,NL
87,63,AL
0,7,AL
0,8,AL
9,0,NL
0,9,AL
12,1,AL
13,1,NL
14,1,NL
15,1,NL
16,1,NL
17,1,NL
18,1,NL
18,2,AL
23,7,AL
23,8,AL
33,14,NL
40,17,NL
41,17,NL
42,17,NL
48,20,NL
49,20,NL
54,23,NL
55,23,NL
57,29,NL
59,31,AL
38,56,AL
40,59,AL
65,33,NL
67,37,NL
68,38,AL
69,38,AL
50,56,AL
72,39,AL
73,39,AL
74,39,NL
48,65,AL
76,40,AL
49,66,AL
78,40,NL
80,42,AL
82,42,NL
52,70,AL
83,44,AL
53,71,AL
24,8,AL
18,43,AL
45,24,AL
46,24,AL
48,24,AL
44,22,AL
19,47,AL
49,25,AL
50,25,AL
26,45,AL
24,48,AL
25,48,AL
25,49,NL
26,50,AL
54,25,NL
55,26,AL
61,29,AL
62,29,NL
68,33,NL
70,33,AL
71,33,AL
71,34,NL
73,34,AL
40,58,AL
74,34,AL
75,34,AL
76,34,AL
67,38,NL
78,34,AL
68,39,AL
79,34,AL
70,41,NL
43,64,NL
61,50,AL
46,65,AL
40,73,AL
81,36,AL
46,66,AL
83,37,NL
63,53,AL
42,75,AL
86,39,NL
50,72,AL
67,60,AL
80,47,NL
48,77,AL
80,48,NL
49,77,AL
92,41,NL
70,60,AL
50,78,AL
64,68,AL
93,41,AL
69,66,AL
93,42,NL
93,43,NL
82,52,AL
96,43,NL
54,82,NL
87,53,AL
63,49,AL
47,67,AL
47,63,AL
47,69,AL
56,62,AL
64,53,AL
66,53,AL
60,58,AL
67,53,AL
70,55,AL
61,64,AL
49,69,AL
72,55,AL
70,57,AL
75,60,AL
77,62,AL
54,84,Both
75,61,AL
79,62,AL
67,76,AL
59,80,AL
74,69,AL
77,70,AL
59,89,AL
77,71,AL
80,69,AL
77,73,AL
61,91,NL
93,61,AL
86,68,AL
79,75,AL
62,90,AL
62,91,NL
27,9,AL
29,10,NL
30,10,AL
36,15,AL
45,22,AL
46,22,AL
47,22,AL
48,22,AL
20,50,AL
20,51,AL
51,25,NL
52,25,NL
55,28,NL
51,30,AL
23,58,NL
25,59,AL
26,62,AL
60,33,AL
26,63,AL
60,34,AL
27,64,AL
30,66,AL
30,67,AL
63,41,AL
65,37,AL
31,71,AL
31,72,AL
33,75,AL
36,80,AL
51,65,AL
76,43,AL
40,80,NL
77,47,AL
78,47,AL
78,50,AL
42,83,AL
69,64,AL
45,90,NL
72,61,NL
81,52,AL
48,95,AL
57,86,AL
90,55,AL
58,86,AL
91,56,AL
58,87,AL
68,80,AL
93,57,AL
79,72,AL
89,62,AL
94,58,AL
90,63,AL
50,30,AL
29,54,AL
29,55,AL
29,56,AL
33,63,NL
35,69,AL
36,73,NL
37,76,NL
73,46,AL
67,54,AL
69,54,AL
42,76,NL
43,81,NL
43,79,NL
48,83,AL
51,88,NL
51,89,NL
71,74,AL
81,65,AL
55,91,AL
49,96,AL
81,66,NL
55,92,AL
85,66,AL
84,68,NL
75,76,AL
56,95,AL
80,71,NL
84,69,NL
80,73,AL
76,77,AL
52,99,AL
80,74,AL
76,78,AL
57,96,AL
31,11,NL
32,11,AL
33,11,AL
18,45,AL
45,21,AL
48,25,AL
23,59,NL
26,60,NL
24,62,AL
29,63,AL
25,69,NL
32,68,AL
29,71,AL
30,71,AL
30,72,AL
34,69,NL
34,70,AL
71,37,AL
32,73,AL
36,71,NL
72,38,NL
32,75,AL
73,40,AL
33,76,AL
33,77,AL
77,45,AL
36,81,AL
78,45,NL
79,45,AL
45,92,AL
82,59,AL
75,67,AL
92,54,AL
74,68,AL
74,70,AL
49,94,AL
93,55,AL
76,72,AL
71,76,AL
47,100,AL
47,101,AL
47,102,AL
94,56,AL
91,60,AL
81,69,NL
95,56,AL
52,97,AL
95,57,AL
78,73,AL
54,100,NL
50,104,NL
95,58,AL
87,67,AL
47,24,AL
34,60,AL
44,59,AL
45,62,AL
45,63,AL
69,39,AL
64,51,AL
73,44,AL
70,51,AL
53,72,AL
47,74,AL
54,74,AL
51,85,AL
51,87,AL
52,90,AL
81,67,AL
86,61,AL
54,95,NL
83,70,NL
52,57,AL
54,70,AL
54,66,AL
60,68,AL
57,72,AL
61,70,AL
82,47,NL
83,48,NL
60,77,AL
84,50,AL
61,78,AL
61,79,AL
62,82,AL
66,74,AL
61,81,AL
66,76,AL
66,81,AL
62,83,AL
66,84,AL
94,57,NL
67,84,AL
66,85,AL
67,85,AL
68,85,AL
68,86,NL
10,23,AL
23,40,AL
45,38,AL
46,39,AL
36,57,AL
55,62,AL
48,76,AL
77,61,AL
57,83,AL
58,83,AL
87,62,AL
70,73,AL
83,67,AL
81,70,AL
89,64,AL
89,65,AL
82,72,NL
58,93,NL
48,87,AL
78,61,AL
56,86,NL
61,82,AL
56,88,NL
88,55,AL
71,73,AL
57,90,AL
51,102,AL
6,24,AL
6,25,AL
7,27,AL
7,28,AL
7,31,AL
7,32,AL
7,33,AL
7,34,NL
8,34,AL
9,35,AL
11,36,AL
18,46,AL
24,52,AL
21,53,AL
21,54,AL
21,55,NL
21,56,AL
21,57,AL
25,57,AL
21,58,AL
25,58,AL
22,60,AL
26,59,AL
27,59,AL
27,60,AL
23,65,AL
24,67,AL
24,68,NL
66,37,AL
24,70,NL
28,70,AL
29,73,AL
32,69,AL
29,74,AL
30,74,NL
30,76,NL
31,77,NL
32,77,AL
33,78,AL
33,79,AL
33,81,NL
37,77,AL
34,83,NL
41,80,NL
36,89,AL
37,90,NL
43,82,AL
37,91,NL
42,95,AL
44,91,AL
42,96,AL
42,99,NL
42,100,NL
42,101,NL
42,102,NL
77,72,AL
42,106,AL
43,107,AL
43,108,NL
95,59,AL
78,74,AL
43,109,AL
53,29,AL
67,32,AL
68,32,AL
72,34,AL
76,36,NL
79,36,AL
82,41,AL
83,41,AL
53,74,AL
87,42,NL
89,42,NL
90,43,AL
93,45,AL
93,48,AL
94,48,AL
94,49,AL
64,80,AL
54,92,AL
67,81,AL
95,51,AL
54,97,AL
95,52,AL
97,52,AL
98,52,AL
65,87,AL
98,53,AL
98,54,AL
66,88,NL
56,98,NL
41,46,AL
60,43,AL
51,66,AL
53,73,AL
42,86,AL
70,64,AL
70,65,AL
44,92,AL
79,65,AL
83,66,AL
59,90,AL
59,91,AL
87,64,AL
59,92,AL
88,64,AL
59,94,AL
90,64,AL
70,84,AL
59,95,NL
52,102,Both
2,14,AL
2,15,AL
2,16,AL
3,17,AL
7,26,AL
8,29,NL
9,30,AL
10,32,AL
14,33,AL
25,47,AL
26,52,AL
26,53,AL
28,53,AL
28,54,AL
84,47,AL
49,83,AL
50,88,AL
52,89,AL
53,90,AL
95,49,AL
96,49,AL
75,70,AL
76,71,AL
97,51,AL
99,53,AL
101,53,AL
58,88,AL
78,72,AL
81,73,AL
72,82,AL
52,86,AL
53,80,AL
54,81,AL
57,88,AL
7,21,AL
7,24,AL
11,35,AL
15,39,AL
25,50,AL
34,63,AL
39,72,AL
83,47,AL
85,48,AL
85,49,NL
85,50,AL
86,50,NL
87,51,NL
88,51,AL
51,90,AL
51,91,AL
93,56,AL
56,93,AL
26,9,AL
9,27,AL
26,10,AL
14,34,AL
35,14,AL
38,15,NL
39,15,AL
18,42,AL
51,21,AL
21,59,AL
21,62,AL
21,64,NL
21,65,AL
23,66,AL
23,67,AL
25,70,AL
62,38,AL
25,71,AL
62,33,AL
25,72,NL
25,74,NL
25,75,NL
26,75,NL
27,76,NL
71,43,AL
32,87,AL
33,89,AL
33,90,AL
79,47,AL
33,92,NL
33,94,NL
84,49,AL
33,98,NL
86,49,NL
33,99,NL
33,100,NL
89,52,AL
33,101,NL
34,103,AL
34,104,AL
34,105,AL
34,106,AL
34,107,AL
35,108,NL
35,110,AL
36,111,AL
36,113,NL
100,52,AL
37,114,NL
100,53,AL
100,54,AL
96,58,AL
38,115,NL
23,48,AL
46,69,AL
42,79,AL
42,80,AL
78,48,AL
67,66,AL
70,82,AL
67,87,AL
56,92,AL
61,89,AL
61,90,AL
61,92,AL
25,9,AL
14,35,AL
16,41,AL
26,58,AL
32,72,AL
34,73,AL
41,86,AL
45,99,AL
45,101,AL
45,102,AL
45,103,AL
45,105,AL
25,52,AL
27,67,AL
28,68,AL
36,74,AL
41,89,AL
44,96,AL
44,99,AL
44,101,AL
97,57,NL
45,106,NL
44,21,AL
28,52,AL
57,25,AL
59,26,AL
60,27,AL
64,34,AL
66,34,AL
86,47,AL
43,90,AL
45,93,AL
92,47,AL
95,48,AL
31,10,AL
46,21,AL
18,47,AL
20,53,AL
20,54,AL
20,55,AL
20,56,AL
21,63,AL
22,66,NL
23,68,NL
24,69,NL
29,77,NL
31,81,NL
35,87,NL
35,88,NL
36,91,AL
37,92,AL
38,94,AL
38,96,AL
39,97,AL
40,98,AL
91,51,AL
40,100,AL
40,102,AL
41,105,AL
97,53,AL
41,106,AL
42,109,AL
42,110,AL
43,110,NL
97,56,NL
88,66,AL
62,92,AL
43,111,AL
43,17,AL
44,17,AL
45,17,NL
19,50,AL
19,51,AL
19,52,AL
19,54,AL
60,24,NL
24,63,AL
24,64,AL
64,27,AL
67,28,AL
27,66,AL
27,68,AL
29,70,AL
74,33,AL
31,73,AL
31,74,AL
76,33,AL
31,75,AL
31,76,AL
84,35,NL
36,82,AL
86,38,NL
36,84,AL
36,85,AL
89,40,AL
90,40,AL
91,40,AL
89,45,AL
92,42,AL
36,92,AL
91,46,AL
36,94,NL
94,43,AL
94,44,AL
37,94,AL
94,45,AL
37,95,AL
37,96,AL
38,97,NL
38,98,AL
38,99,AL
98,47,AL
58,84,AL
99,50,AL
100,50,AL
40,105,AL
104,48,NL
101,50,AL
102,50,AL
42,108,AL
106,48,NL
47,25,AL
59,29,AL
69,34,AL
71,36,AL
76,39,AL
77,39,AL
78,39,AL
83,43,AL
84,43,AL
87,44,AL
88,44,AL
89,44,NL
49,84,AL
76,70,AL
100,49,AL
55,97,AL
105,49,NL
52,22,NL
68,26,NL
70,26,AL
74,27,AL
75,27,AL
77,28,NL
78,28,NL
79,28,NL
80,28,NL
81,28,NL
84,29,NL
88,29,NL
89,29,NL
89,30,NL
90,30,NL
91,30,NL
91,32,NL
91,34,NL
92,34,NL
93,35,NL
94,35,NL
95,37,NL
95,39,NL
96,45,AL
98,45,AL
98,46,AL
99,46,AL
102,46,AL
103,46,AL
103,47,NL
24,7,AL
10,28,AL
11,38,NL
11,39,NL
18,50,AL
18,51,AL
18,52,AL
20,52,AL
30,81,AL
37,87,AL
79,48,AL
82,49,AL
86,51,AL
42,98,AL
43,99,AL
43,100,NL
44,102,AL
44,105,AL
46,106,AL
46,107,AL
61,93,AL
46,108,AL
69,84,AL
97,58,NL
96,59,NL
98,58,NL
96,60,NL
92,56,AL
90,51,AL
34,61,AL
42,81,AL
52,91,AL
52,92,AL
72,36,AL
97,59,NL
98,59,NL
97,60,NL
4,19,AL
5,26,AL
5,27,AL
5,28,NL
6,30,NL
8,32,AL
27,10,AL
10,33,AL
34,11,AL
35,13,AL
14,42,NL
16,44,AL
16,45,AL
40,15,AL
41,15,NL
42,15,AL
17,49,AL
47,17,AL
18,53,AL
19,53,AL
19,55,AL
59,22,AL
60,22,NL
64,29,AL
30,77,NL
30,79,NL
73,36,AL
81,40,AL
83,42,AL
39,103,AL
40,107,NL
40,108,AL
41,108,AL
41,109,AL
41,110,AL
41,111,NL
42,111,AL
42,112,NL
74,37,AL
38,84,AL
38,85,AL
39,86,AL
85,40,AL
50,82,AL
94,42,AL
97,43,AL
98,44,AL
48,101,AL
57,27,AL
58,27,AL
30,63,AL
49,92,AL
53,98,AL
10,0,NL
16,2,AL
17,2,AL
19,2,AL
20,2,AL
21,2,AL
22,2,NL
22,3,NL
32,10,AL
36,11,AL
43,13,AL
44,13,AL
44,15,AL
50,17,AL
51,18,NL
51,19,NL
59,27,AL
63,29,AL
72,33,AL
73,33,AL
74,36,AL
77,38,AL
48,80,AL
88,46,AL
93,49,AL
67,65,AL
87,68,NL
86,69,NL
88,68,NL
86,70,NL
57,95,AL
23,51,AL
30,73,AL
30,82,AL
30,84,AL
30,85,AL
30,86,AL
31,87,NL
34,88,AL
35,89,AL
35,90,AL
40,97,AL
41,98,AL
44,100,NL
46,102,NL
46,104,AL
47,104,AL
47,105,AL
47,106,AL
47,107,AL
24,71,NL
24,72,NL
24,73,NL
29,80,AL
29,81,NL
29,82,NL
79,39,AL
79,40,AL
30,87,AL
30,89,NL
81,42,AL
30,91,AL
30,92,NL
30,94,AL
31,95,AL
32,95,NL
32,96,NL
34,102,NL
35,103,NL
35,105,NL
35,106,NL
35,107,NL
35,109,NL
96,51,AL
36,110,NL
37,111,NL
37,113,NL
94,61,NL
37,115,NL
94,62,NL
81,74,NL
78,77,NL
56,99,NL
100,55,NL
94,63,NL
90,65,AL
82,74,NL
79,76,NL
79,77,NL
57,99,NL
38,116,NL
100,56,NL
95,63,NL
90,66,NL
83,74,Both
80,76,NL
79,78,NL
57,100,NL
39,116,NL
100,57,NL
96,63,NL
90,67,NL
84,74,NL
80,77,NL
62,93,NL
39,117,NL
101,57,NL
99,59,NL
96,64,NL
91,67,NL
85,74,NL
80,78,NL
62,94,NL
57,101,NL
39,118,NL
101,58,NL
99,60,NL
81,78,NL
63,94,NL
57,102,NL
101,59,NL
97,64,NL
92,67,AL
85,75,NL
82,78,NL
81,79,NL
58,102,NL
39,119,NL
101,60,NL
100,61,AL
92,68,NL
86,75,AL
83,78,NL
64,95,NL
58,103,NL
40,119,NL
101,61,AL
98,64,NL
93,68,NL
86,76,AL
84,78,NL
81,80,NL
64,96,NL
59,103,NL
40,120,NL
102,61,NL
101,62,NL
102,62,NL
103,62,NL
102,63,NL
34,76,AL
39,85,AL
41,90,NL
43,92,AL
50,89,AL
50,90,AL
91,64,AL
91,65,AL
84,71,AL
82,73,AL
78,78,NL
72,83,NL
60,95,NL
50,105,NL
91,66,NL
85,71,NL
82,75,AL
73,83,NL
61,95,NL
50,106,NL
85,72,AL
82,76,AL
73,84,NL
62,95,NL
50,107,NL
98,60,NL
85,73,AL
84,75,AL
83,76,AL
80,79,NL
73,85,NL
63,95,NL
50,108,NL
86,73,AL
73,86,NL
50,109,NL
99,61,AL
86,74,AL
83,77,NL
74,86,NL
51,109,NL
99,62,NL
92,69,NL
87,74,NL
82,79,NL
74,87,NL
65,96,NL
51,110,NL
99,63,NL
93,69,NL
88,74,NL
87,75,NL
82,80,NL
74,88,NL
66,96,NL
51,111,NL
28,66,AL
29,67,AL
34,78,AL
35,79,AL
64,91,NL
89,66,AL
88,67,NL
89,67,NL
77,78,NL
76,79,AL
65,91,NL
51,105,NL
90,68,NL
77,79,AL
72,84,NL
90,69,NL
87,70,AL
83,73,AL
77,80,AL
65,92,NL
51,106,NL
91,68,NL
90,70,AL
88,70,AL
84,73,AL
78,80,AL
65,93,NL
51,107,NL
89,70,AL
79,79,NL
78,81,AL
74,85,NL
65,94,NL
51,108,NL
91,70,AL
80,80,NL
78,82,AL
66,94,NL
52,108,NL
90,71,AL
80,81,NL
79,82,Both
75,86,NL
66,95,NL
53,108,NL
92,70,NL
90,72,NL
80,82,AL
76,86,AL
53,109,NL
34,79,AL
45,100,AL
46,100,AL
46,101,AL
48,103,NL
48,105,NL
85,70,NL
48,106,AL
70,85,AL
49,107,NL
86,71,Both
83,72,NL
70,86,AL
63,92,NL
49,108,NL
92,64,AL
81,75,AL
75,80,AL
71,86,AL
64,92,NL
93,64,AL
92,65,AL
88,69,AL
86,72,NL
81,76,NL
76,80,AL
72,86,AL
64,93,NL
94,64,AL
92,66,AL
87,72,AL
72,87,AL
64,94,NL
95,64,NL
93,66,NL
88,71,AL
95,65,AL
93,67,AL
89,71,AL
88,72,NL
72,88,AL
65,95,NL
96,65,AL
94,67,AL
89,72,Both
79,81,NL
72,89,AL
50,110,NL
97,65,AL
95,67,AL
89,73,Both
85,76,AL
72,90,AL
65,97,NL
50,112,NL
36,72,AL
45,85,AL
67,88,AL
84,72,AL
68,88,Both
58,99,NL
89,68,NL
83,75,AL
93,65,AL
75,81,AL
69,89,NL
59,100,AL
94,65,AL
75,82,AL
70,89,AL
94,66,NL
70,90,AL
66,93,NL
59,101,AL
84,77,AL
76,83,AL
59,102,AL
85,77,AL
83,79,Both
76,84,AL
59,96,NL
80,75,AL
78,79,NL
66,91,NL
59,97,AL
87,69,AL
67,91,NL
59,98,AL
79,80,NL
71,87,NL
68,91,NL
59,99,AL
81,77,NL
77,82,AL
82,77,AL
77,83,AL
68,92,NL
60,100,AL
100,60,NL
87,73,NL
77,84,AL
69,92,AL
61,100,AL
91,71,AL
81,81,AL
77,85,AL
73,89,AL
69,93,NL
61,101,NL
69,86,AL
69,87,AL
74,83,AL
70,87,AL
74,84,AL
70,88,AL
71,88,AL
75,85,AL
71,89,AL
88,73,AL
76,85,AL
73,88,AL
4,20,AL
38,18,AL
16,43,AL
35,80,AL
39,87,AL
37,88,AL
37,89,NL
41,94,AL
40,95,NL
43,96,AL
56,84,AL
51,104,NL
95,61,NL
52,104,NL
49,106,NL
96,61,NL
52,105,NL
97,61,AL
87,71,AL
52,106,NL
98,61,AL
62,96,AL
52,107,NL
91,69,AL
62,97,AL
63,97,Both
63,98,NL
52,109,NL
100,62,NL
63,99,NL
52,110,NL
46,19,AL
62,26,AL
63,26,AL
67,30,AL
70,31,AL
80,41,AL
81,41,AL
99,58,AL
74,81,AL
74,82,AL
75,83,AL
71,85,AL
100,59,AL
75,84,AL
72,85,AL
62,98,AL
78,83,AL
102,60,AL
79,83,AL
54,91,AL
93,62,NL
63,93,NL
95,62,AL
96,62,AL
77,81,AL
60,97,AL
69,88,AL
60,98,AL
67,94,AL
60,99,AL
61,99,AL
71,90,AL
67,95,AL
49,87,AL
49,88,AL
57,97,AL
58,97,AL
73,82,AL
68,87,AL
57,98,NL
58,98,AL
76,81,AL
76,82,AL
58,100,NL
98,62,AL
95,66,NL
71,91,AL
60,102,AL
71,84,AL
98,57,AL
97,62,AL
66,92,AL
98,63,NL
66,89,AL
102,53,NL
66,90,AL
103,53,NL
103,54,AL
104,54,AL
105,54,NL
106,54,AL
67,92,AL
63,96,AL
107,54,AL
67,93,AL
108,54,AL
75,87,AL
64,97,AL
66,32,AL
69,33,AL
70,34,AL
77,40,AL
51,97,AL
99,56,NL
99,57,NL
53,102,NL
53,103,NL
100,58,NL
89,69,AL
54,104,NL
69,90,AL
55,104,AL
73,87,AL
69,91,AL
55,105,AL
70,91,AL
55,106,AL
70,92,AL
55,107,NL
22,5,AL
67,90,AL
68,90,AL
61,94,AL
61,96,AL
97,63,AL
68,93,AL
60,101,AL
96,66,AL
64,98,AL
67,89,AL
65,90,AL
62,99,AL
93,70,NL
92,71,NL
10,34,AL
11,0,NL
12,0,NL
13,0,NL
84,76,AL
68,94,AL
92,63,AL
93,63,AL
51,96,AL
60,96,AL
54,101,AL
54,102,AL
55,103,AL
57,103,AL
62,100,AL
57,104,AL
54,21,AL
76,38,AL
84,42,AL
68,89,AL
12,42,NL
0,10,AL
52,103,AL
53,104,AL
53,105,AL
54,105,AL
54,106,AL
94,68,AL
78,84,AL
58,29,AL
30,62,AL
68,34,AL
80,40,AL
97,54,AL
54,103,AL
56,103,AL
102,58,AL
103,58,AL
104,58,AL
103,59,AL
0,11,AL
0,12,AL
0,13,AL
24,61,NL
27,65,AL
29,69,AL
38,14,AL
39,14,AL
49,22,AL
95,60,AL
101,56,AL
102,56,AL
103,56,AL
104,56,AL
105,56,NL
53,107,AL
106,56,NL
54,108,AL
90,73,NL
89,74,NL
102,59,AL
97,66,NL
96,67,NL
54,99,AL
55,102,AL
56,104,AL
56,105,AL
56,106,AL
43,98,AL
43,101,AL
101,52,AL
102,52,AL
47,108,NL
103,52,NL
47,109,NL
48,109,NL
49,109,NL
103,55,AL
49,110,NL
49,111,NL
104,57,AL
50,111,NL
105,57,NL
61,97,AL
28,67,AL
55,100,AL
55,101,NL
56,101,AL
56,102,AL
57,105,AL
40,90,AL
53,106,AL
102,57,AL
71,31,AL
72,31,AL
73,31,AL
79,32,NL
82,34,AL
85,34,AL
87,34,AL
90,36,AL
91,38,AL
95,68,NL
91,72,AL
101,54,AL
102,54,AL
106,55,AL
107,55,AL
85,43,AL
8,33,AL
8,35,AL
8,36,AL
9,36,AL
9,37,AL
9,38,AL
9,39,AL
9,40,AL
9,41,AL
9,42,AL
9,43,AL
9,44,AL
9,45,AL
10,45,AL
10,46,AL
11,47,AL
11,49,AL
11,50,AL
11,51,AL
11,52,AL
12,53,AL
12,54,AL
12,55,AL
13,55,AL
14,55,AL
14,56,AL
14,57,AL
14,58,AL
14,59,AL
14,60,AL
15,60,AL
16,61,AL
17,62,AL
18,63,AL
18,64,AL
18,65,AL
18,66,AL
18,67,AL
18,68,AL
18,69,AL
21,69,AL
21,70,AL
22,73,AL
22,74,AL
23,80,AL
24,81,AL
24,82,AL
24,83,AL
25,83,AL
26,84,AL
26,85,AL
27,86,AL
28,87,AL
28,89,AL
29,90,AL
30,93,AL
31,96,AL
31,98,AL
32,98,AL
32,99,AL
32,100,AL
32,102,AL
33,102,AL
34,109,AL
34,110,AL
37,112,AL
38,113,AL
19,60,AL
19,61,AL
20,63,AL
29,72,AL
32,76,AL
32,74,AL
33,85,AL
33,86,AL
34,94,AL
34,95,AL
35,99,AL
36,100,AL
37,100,AL
38,100,AL
38,101,AL
39,104,AL
39,106,AL
39,107,AL
39,108,AL
92,40,AL
94,41,AL
95,44,AL
100,46,AL
45,104,AL
46,105,AL
27,6,AL
27,7,AL
38,95,AL
40,96,AL
40,101,AL
95,45,AL
99,49,AL
45,107,AL
27,63,AL
80,36,AL
85,37,AL
86,37,AL
87,37,AL
89,37,AL
92,38,AL
97,39,AL
97,41,AL
99,45,AL
42,14,AL
43,15,AL
46,15,AL
54,19,AL
97,45,AL
18,54,AL
18,59,AL
19,64,AL
19,68,AL
19,70,AL
19,71,AL
19,73,AL
19,74,AL
19,75,AL
19,76,AL
19,77,AL
19,78,AL
19,79,AL
19,80,AL
20,80,AL
20,81,AL
22,81,AL
22,82,AL
22,83,AL
23,84,AL
23,85,AL
23,86,AL
23,87,AL
24,87,AL
24,88,AL
25,89,AL
25,91,AL
26,91,AL
26,92,AL
27,92,AL
27,93,AL
27,94,AL
28,95,AL
28,96,AL
28,98,AL
29,99,AL
29,100,AL
29,101,AL
30,101,AL
30,103,AL
30,104,AL
30,105,AL
30,106,AL
30,107,AL
30,108,AL
31,108,AL
31,109,AL
31,110,AL
32,110,AL
32,111,AL
32,112,AL
33,113,AL
33,114,AL
33,115,AL
34,116,AL
34,117,AL
36,117,AL
22,61,AL
31,85,AL
31,86,AL
32,88,AL
34,91,AL
34,96,AL
35,98,AL
36,99,AL
36,103,AL
36,104,AL
20,57,AL
28,69,AL
43,102,AL
15,47,AL
15,53,AL
22,64,AL
65,26,AL
67,26,AL
88,37,AL
90,38,AL
98,41,AL
99,41,AL
100,42,AL
105,43,AL
106,43,AL
107,44,AL
108,44,AL
109,44,AL
110,44,AL
38,8,AL
39,8,AL
39,9,AL
39,10,AL
40,10,AL
41,10,AL
42,10,AL
42,11,AL
52,17,AL
54,18,AL
56,18,AL
62,23,AL
66,23,AL
68,28,AL
41,14,AL
55,21,AL
70,25,AL
74,26,AL
78,31,AL
83,35,AL
83,36,AL
87,41,AL
102,45,AL
102,51,AL
85,33,AL
86,33,AL
87,33,AL
88,34,AL
89,34,AL
98,43,AL
100,43,AL
103,43,AL
104,44,AL
105,44,AL
7,35,AL
10,40,AL
10,41,AL
10,42,AL
11,42,AL
11,43,AL
11,44,AL
11,46,AL
11,48,AL
12,50,AL
12,51,AL
15,57,AL
15,58,AL
15,59,AL
16,59,AL
17,61,AL
21,66,AL
21,67,AL
22,67,AL
22,69,AL
22,70,AL
23,70,AL
26,82,AL
28,86,AL
31,88,AL
32,89,AL
88,38,AL
37,98,AL
37,99,AL
101,44,AL
102,44,AL
41,103,AL
105,46,AL
106,46,AL
107,46,AL
107,47,AL
4,23,AL
4,24,AL
98,49,AL
39,92,AL
93,44,AL
44,104,AL
100,51,AL
46,12,AL
46,13,AL
48,13,AL
49,14,AL
50,14,AL
51,16,AL
87,36,AL
34,86,AL
34,87,AL
88,36,AL
35,91,AL
35,93,AL
35,94,AL
35,95,AL
36,96,AL
36,97,AL
37,97,AL
106,45,AL
55,99,AL
103,51,AL
36,9,AL
40,9,AL
41,9,AL
68,27,AL
70,28,AL
30,75,AL
80,34,AL
88,39,AL
10,37,AL
11,40,AL
73,32,AL
84,33,AL
98,40,AL
99,40,AL
102,40,AL
105,40,AL
106,40,AL
107,40,AL
109,40,AL
110,41,AL
110,42,AL
111,43,AL
104,51,AL
105,51,AL
105,52,AL
106,52,AL
106,53,AL
107,53,AL
108,53,AL
109,53,AL
101,55,AL
102,55,AL
104,55,AL
56,100,AL
61,98,AL
103,57,AL
85,35,AL
86,35,AL
86,36,AL
107,48,AL
108,48,AL
108,49,AL
108,50,AL
108,51,AL
108,52,AL
54,107,AL
100,63,AL
99,64,AL
29,76,AL
13,45,AL
13,46,AL
18,55,AL
26,4,AL
30,5,AL
31,5,AL
32,5,AL
33,5,AL
34,5,AL
35,5,AL
35,6,AL
35,7,AL
38,9,AL
0,14,AL
0,15,AL
0,16,AL
0,17,AL
0,18,AL
0,19,AL
0,20,AL
0,21,AL
1,21,AL
1,22,AL
1,23,AL
2,23,AL
2,24,AL
3,24,AL
3,25,AL
4,25,AL
4,26,AL
4,27,AL
4,28,AL
4,29,AL
5,29,AL
5,30,AL
5,31,AL
6,31,AL
6,33,AL
6,34,AL
10,38,AL
10,39,AL
11,41,AL
58,101,AL
90,39,AL
67,23,AL
76,27,AL
80,29,AL
82,29,AL
83,29,AL
85,29,AL
92,30,AL
92,32,AL
94,32,AL
94,33,AL
98,37,AL
99,38,AL
100,41,AL
101,41,AL
103,41,AL
109,48,AL
110,48,AL
111,48,AL
112,48,AL
113,48,AL
114,48,AL
49,13,AL
51,14,AL
52,14,AL
53,16,AL
59,21,AL
61,22,AL
103,40,AL
106,41,AL
110,45,AL
111,45,AL
112,45,AL
113,45,AL
114,45,AL
115,45,AL
116,45,AL
116,46,AL
1,17,AL
2,19,AL
3,21,AL
3,23,AL
18,60,AL
27,73,AL
31,90,AL
31,91,AL
31,92,AL
31,93,AL
31,94,AL
31,97,AL
32,97,AL
35,102,AL
37,102,AL
37,105,AL
37,106,AL
37,107,AL
37,108,AL
38,108,AL
38,109,AL
38,110,AL
38,111,AL
38,112,AL
38,114,AL
38,117,AL
38,118,AL
40,118,AL
41,118,AL
41,119,AL
42,119,AL
43,119,AL
58,104,AL
88,75,AL
87,76,AL
86,77,AL
42,104,AL
44,109,AL
105,50,AL
44,110,AL
45,110,AL
106,51,AL
45,111,AL
107,52,AL
46,112,AL
46,113,AL
46,115,AL
47,115,AL
43,103,AL
45,109,AL
46,109,AL
46,110,AL
46,111,AL
105,55,AL
47,113,AL
47,114,AL
